{"80318845":{"scope":{"type":"project","id":921014},"user_id":196751,"source_asset_id":null,"source":false,"tags":[],"name":"ammo.js","revision":1,"preload":false,"meta":null,"data":{"order":100,"scripts":{},"loadingType":0},"type":"script","file":{"filename":"ammo.js","size":1895438,"hash":"34480c72ed787337db20c105cb9ba69d"},"path":[80318848],"task":null,"i18n":{},"branch_id":"5b06dcfc-c904-4364-ad01-234c1975b5df","has_thumbnail":false,"_type":"http://sharejs.org/types/JSONv0","_v":1,"_m":{"ctime":1651347244219,"mtime":1651347244549},"_o":"626d8f2cb70768419c4dbf0c","immutable_backup":"10aee526-f451-4198-b66e-6d2c789e26bc","same_as_backup":1,"checkpoint_id":"c0a9dc7d-e8eb-4b5a-8c43-f995d249de3e","id":"80318845"},"80318846":{"scope":{"type":"project","id":921014},"user_id":196751,"source_asset_id":null,"source":false,"tags":[],"name":"ammo.wasm.js","revision":1,"preload":false,"meta":null,"data":{"order":100,"scripts":{},"loadingType":0},"type":"script","file":{"filename":"ammo.wasm.js","size":391789,"hash":"6b7ab3989e4f9f17c86e44380f9181c6"},"path":[80318848],"task":null,"i18n":{},"branch_id":"5b06dcfc-c904-4364-ad01-234c1975b5df","has_thumbnail":false,"_type":"http://sharejs.org/types/JSONv0","_v":1,"_m":{"ctime":1651347244219,"mtime":1651347244544},"_o":"626d8f2cb707686f704dbf0b","immutable_backup":"2bf04540-fbd7-423c-89e6-76c4f27618db","same_as_backup":1,"checkpoint_id":"c0a9dc7d-e8eb-4b5a-8c43-f995d249de3e","id":"80318846"},"80318847":{"scope":{"type":"project","id":921014},"user_id":196751,"source_asset_id":null,"source":false,"tags":[],"name":"ammo.wasm.wasm","revision":1,"preload":true,"meta":null,"data":{"moduleName":"Ammo","glueScriptId":80318846,"fallbackScriptId":80318845},"type":"wasm","file":{"filename":"ammo.wasm.wasm","size":659433,"hash":"a6819ea71a53e67f1dfe3e42957c2971"},"path":[80318848],"task":null,"i18n":{},"branch_id":"5b06dcfc-c904-4364-ad01-234c1975b5df","has_thumbnail":false,"_type":"http://sharejs.org/types/JSONv0","_v":1,"_m":{"ctime":1651347244219,"mtime":1651347244559},"_o":"626d8f2cb70768c6f44dbf0d","immutable_backup":"528006eb-eca7-4de7-b8b5-1effe8aa67b9","same_as_backup":1,"checkpoint_id":"c0a9dc7d-e8eb-4b5a-8c43-f995d249de3e","id":"80318847"},"80318848":{"scope":{"type":"project","id":921014},"user_id":196751,"source_asset_id":null,"source":true,"tags":[],"name":"Ammo","revision":1,"preload":false,"meta":null,"data":null,"type":"folder","file":null,"path":[],"task":null,"i18n":{},"_type":"http://sharejs.org/types/JSONv0","_v":1,"_m":{"ctime":1651347244219,"mtime":1651347244219},"_o":"5ea9ce64e2650939f26e3909","branch_id":"5b06dcfc-c904-4364-ad01-234c1975b5df","has_thumbnail":false,"checkpoint_id":"c0a9dc7d-e8eb-4b5a-8c43-f995d249de3e","id":"80318848"},"81122124":{"scope":{"type":"project","id":921014},"user_id":239199,"source_asset_id":null,"source":false,"tags":[],"name":"basis.js","revision":1,"preload":false,"meta":null,"data":{"order":100,"scripts":{},"loadingType":0},"type":"script","file":{"filename":"basis.js","size":914868,"hash":"f4e7187753896f78ac0163d12d0ca994"},"path":[81122127],"task":null,"i18n":{},"branch_id":"5b06dcfc-c904-4364-ad01-234c1975b5df","has_thumbnail":false,"_type":"http://sharejs.org/types/JSONv0","_v":1,"_m":{"ctime":1652033490281,"mtime":1652033491184},"_o":"627807d3b707683fd34dd751","id":"81122124"},"81122125":{"scope":{"type":"project","id":921014},"user_id":239199,"source_asset_id":null,"source":false,"tags":[],"name":"basis.wasm.js","revision":1,"preload":false,"meta":null,"data":{"order":100,"scripts":{},"loadingType":0},"type":"script","file":{"filename":"basis.wasm.js","size":59581,"hash":"5924647deceadf5ef7a98f8fc4aa7668"},"path":[81122127],"task":null,"i18n":{},"branch_id":"5b06dcfc-c904-4364-ad01-234c1975b5df","has_thumbnail":false,"_type":"http://sharejs.org/types/JSONv0","_v":1,"_m":{"ctime":1652033490281,"mtime":1652033491075},"_o":"627807d3b707684fa14dd74f","id":"81122125"},"81122126":{"scope":{"type":"project","id":921014},"user_id":239199,"source_asset_id":null,"source":false,"tags":[],"name":"basis.wasm.wasm","revision":1,"preload":false,"meta":null,"data":{"moduleName":"BASIS","glueScriptId":81122125,"fallbackScriptId":81122124},"type":"wasm","file":{"filename":"basis.wasm.wasm","size":571652,"hash":"ab5f235bd8fb59af77b426c3f6da4539"},"path":[81122127],"task":null,"i18n":{},"branch_id":"5b06dcfc-c904-4364-ad01-234c1975b5df","has_thumbnail":false,"_type":"http://sharejs.org/types/JSONv0","_v":1,"_m":{"ctime":1652033490281,"mtime":1652033491138},"_o":"627807d3b70768284b4dd750","id":"81122126"},"81122127":{"scope":{"type":"project","id":921014},"user_id":239199,"source_asset_id":null,"source":true,"tags":[],"name":"Basis","revision":1,"preload":false,"meta":null,"data":null,"type":"folder","file":null,"path":[],"task":null,"i18n":{},"_type":"http://sharejs.org/types/JSONv0","_v":1,"_m":{"ctime":1652033490281,"mtime":1652033490281},"_o":"5fb79ae1ea5d672b918f3863","branch_id":"5b06dcfc-c904-4364-ad01-234c1975b5df","has_thumbnail":false,"id":"81122127"},"94937680":{"scope":{"type":"project","id":921014},"user_id":262031,"source_asset_id":null,"source":false,"tags":[],"name":"somSim.js","revision":1,"preload":true,"exclude":false,"meta":null,"data":{"scripts":{"somSim":{"attributesOrder":[],"attributes":{}}},"loading":false,"loadingType":0},"type":"script","file":{"filename":"somSim.js","size":1306,"hash":"e1c1fb2e5339abef9bfde85b54433e31"},"path":[94937681,96009075],"task":null,"i18n":{},"branch_id":"5b06dcfc-c904-4364-ad01-234c1975b5df","_type":"http://sharejs.org/types/JSONv0","_v":1,"_m":{"ctime":1658764426224,"mtime":1659443959587},"_o":"62e91af709ad5c1194028f25","id":"94937680"},"94937681":{"scope":{"type":"project","id":921014},"user_id":262031,"source_asset_id":null,"source":true,"tags":[],"name":"Web Worlds Prefab","revision":1,"preload":false,"exclude":false,"meta":null,"data":null,"type":"folder","file":null,"path":[],"task":null,"i18n":{},"_type":"http://sharejs.org/types/JSONv0","_v":1,"_m":{"ctime":1658764426224,"mtime":1658764426224},"branch_id":"5b06dcfc-c904-4364-ad01-234c1975b5df","id":"94937681"},"94937682":{"scope":{"type":"project","id":921014},"user_id":12,"source_asset_id":null,"tags":[],"name":"Alpha_Joints","revision":1,"source":false,"preload":true,"meta":{"meshInstances":1,"skinned":true},"data":{"containerAsset":94937702,"renderIndex":1},"type":"render","path":[94937681,96009075,94937684,94937691],"file":null,"task":null,"i18n":{},"branch_id":"5b06dcfc-c904-4364-ad01-234c1975b5df","_type":"http://sharejs.org/types/JSONv0","_v":1,"_m":{"ctime":1658764426224,"mtime":1659443952431},"_o":"62e91af0c35e10d54e04fe3b","id":"94937682"},"94937683":{"scope":{"type":"project","id":921014},"user_id":12,"source_asset_id":null,"tags":[],"name":"Jog Strafe Left.glb","revision":1,"source":false,"preload":true,"meta":{"name":"mixamo.com","duration":0.6999999881},"data":null,"type":"animation","file":{"hash":"ceee8500cac9127060440f9a804dfd9d","size":26652,"filename":"Jog Strafe Left.glb"},"path":[94937681,96009075,94937684,94937686],"task":null,"i18n":{},"branch_id":"5b06dcfc-c904-4364-ad01-234c1975b5df","_type":"http://sharejs.org/types/JSONv0","_v":1,"_m":{"ctime":1658764426224,"mtime":1659443952432},"_o":"62e91af0c35e10782404fe33","id":"94937683"},"94937684":{"scope":{"type":"project","id":921014},"user_id":262031,"source_asset_id":null,"source":true,"tags":[],"name":"_testPlayer","revision":1,"preload":false,"exclude":false,"meta":null,"data":null,"type":"folder","file":null,"path":[94937681,96009075],"task":null,"i18n":{},"branch_id":"5b06dcfc-c904-4364-ad01-234c1975b5df","_type":"http://sharejs.org/types/JSONv0","_v":1,"_m":{"ctime":1658764426224,"mtime":1659443952429},"_o":"62e91af0c35e100d5d04fe2d","id":"94937684"},"94937685":{"scope":{"type":"project","id":921014},"user_id":262031,"source_asset_id":null,"source":false,"tags":[],"name":"somMetal","revision":1,"preload":true,"exclude":false,"meta":null,"data":{"ambient":[0,0,0],"ambientTint":false,"aoMap":null,"aoMapChannel":"r","aoMapUv":0,"aoMapTiling":[1,1],"aoMapOffset":[0,0],"diffuse":[0.3215686274509804,0.4196078431372549,0.5568627450980392],"diffuseMap":null,"diffuseMapChannel":"rgb","diffuseMapUv":0,"diffuseMapTiling":[1,1],"diffuseMapOffset":[0,0],"specular":[0.23,0.23,0.23],"specularMap":null,"specularMapChannel":"rgb","specularMapUv":0,"specularMapTiling":[1,1],"specularMapOffset":[0,0],"specularAntialias":true,"occludeSpecular":1,"enableGGXSpecular":false,"anisotropy":0,"useMetalness":false,"metalness":1,"metalnessMap":null,"metalnessMapChannel":"r","metalnessMapUv":0,"metalnessMapTiling":[1,1],"metalnessMapOffset":[0,0],"conserveEnergy":true,"shininess":32,"glossMap":null,"glossMapChannel":"r","glossMapUv":0,"glossMapTiling":[1,1],"glossMapOffset":[0,0],"clearCoat":0,"clearCoatMap":null,"clearCoatMapChannel":"r","clearCoatMapUv":0,"clearCoatMapTiling":[1,1],"clearCoatMapOffset":[0,0],"clearCoatVertexColor":false,"clearCoatVertexColorChannel":"r","clearCoatGlossiness":1,"clearCoatGlossMap":null,"clearCoatGlossMapChannel":"r","clearCoatGlossMapUv":0,"clearCoatGlossMapTiling":[1,1],"clearCoatGlossMapOffset":[0,0],"clearCoatGlossVertexColor":false,"clearCoatGlossVertexColorChannel":"r","clearCoatBumpiness":1,"clearCoatNormalMap":null,"clearCoatNormalMapUv":0,"clearCoatNormalMapTiling":[1,1],"clearCoatNormalMapOffset":[0,0],"fresnelModel":0,"emissive":[0,0,0],"emissiveMap":null,"emissiveMapChannel":"rgb","emissiveMapUv":0,"emissiveMapTiling":[1,1],"emissiveMapOffset":[0,0],"emissiveIntensity":1,"normalMap":null,"normalMapTiling":[1,1],"normalMapOffset":[0,0],"normalMapUv":0,"bumpMapFactor":1,"heightMap":null,"heightMapChannel":"r","heightMapUv":0,"heightMapTiling":[1,1],"heightMapOffset":[0,0],"heightMapFactor":1,"alphaToCoverage":false,"alphaTest":0,"alphaFade":1,"opacity":1,"opacityMap":null,"opacityMapChannel":"r","opacityMapUv":0,"opacityMapTiling":[1,1],"opacityMapOffset":[0,0],"opacityFadesSpecular":true,"reflectivity":1,"refraction":0,"refractionIndex":0.6666666666666666,"sphereMap":null,"cubeMap":null,"cubeMapProjection":0,"cubeMapProjectionBox":{"center":[0,0,0],"halfExtents":[0.5,0.5,0.5]},"lightMap":null,"lightMapChannel":"rgb","lightMapUv":1,"lightMapTiling":[1,1],"lightMapOffset":[0,0],"depthTest":true,"depthWrite":true,"cull":1,"blendType":3,"shader":"blinn","useFog":true,"useLighting":true,"useSkybox":true,"useGammaTonemap":true,"aoMapVertexColor":false,"diffuseMapVertexColor":false,"emissiveMapVertexColor":false,"specularMapVertexColor":false,"metalnessMapVertexColor":false,"opacityMapVertexColor":false,"glossMapVertexColor":false,"lightMapVertexColor":false,"diffuseMapTint":false,"specularMapTint":false,"emissiveMapTint":false,"metalnessMapTint":false},"type":"material","file":null,"path":[94937681,96009075],"task":null,"i18n":{},"branch_id":"5b06dcfc-c904-4364-ad01-234c1975b5df","_type":"http://sharejs.org/types/JSONv0","_v":1,"_m":{"ctime":1658764426224,"mtime":1659443959588},"_o":"62e91af709ad5c2e3b028f26","id":"94937685"},"94937686":{"scope":{"type":"project","id":921014},"user_id":12,"source_asset_id":null,"source":true,"tags":[],"name":"Animations","revision":1,"preload":false,"meta":null,"data":null,"type":"folder","file":null,"path":[94937681,96009075,94937684],"task":null,"i18n":{},"branch_id":"5b06dcfc-c904-4364-ad01-234c1975b5df","_type":"http://sharejs.org/types/JSONv0","_v":1,"_m":{"ctime":1658764426224,"mtime":1659443952439},"_o":"62e91af0c35e107b1b04fe43","id":"94937686"},"94937687":{"scope":{"type":"project","id":921014},"user_id":12,"source_asset_id":null,"tags":[],"name":"Jog Backward Diagonal Right.glb","revision":1,"source":false,"preload":true,"meta":{"name":"mixamo.com","duration":0.7333333492},"data":null,"type":"animation","file":{"hash":"5b6e4863e0b1a28e39283147b61d5cee","size":28876,"filename":"Jog Backward Diagonal Right.glb"},"path":[94937681,96009075,94937684,94937686],"task":null,"i18n":{},"branch_id":"5b06dcfc-c904-4364-ad01-234c1975b5df","_type":"http://sharejs.org/types/JSONv0","_v":1,"_m":{"ctime":1658764426224,"mtime":1659443952430},"_o":"62e91af0c35e10aa1904fe30","id":"94937687"},"94937688":{"scope":{"type":"project","id":921014},"user_id":262031,"source_asset_id":null,"source":false,"tags":[],"name":"_som_webWorld.js","revision":1,"preload":true,"exclude":false,"meta":null,"data":{"scripts":{"_som_webWorld":{"attributesOrder":["type","allowedParcels"],"attributes":{"type":{"title":"World Type","description":"Control how visitors load into your world. Augment Worlds get ADDED to the regular parcel build. Holistic Worlds REPLACE the regular parcel build.","type":"number","enum":{"order":["Holistic World","Augment World"],"options":{"Holistic World":0,"Augment World":1}},"default":0},"allowedParcels":{"title":"Allowed Parcels","type":"number","array":true,"description":"Explicitly list which PARCEL IDs that Somnium Space Web is allowed to use this world on. Leave blank to allow ANY parcel to use this world."}}}},"loading":false,"loadingType":0},"type":"script","file":{"filename":"_som_webWorld.js","size":2092,"hash":"ab4033a613453c1ecb38cfb0e5abe8b1"},"path":[94937681,96009075],"task":null,"i18n":{},"branch_id":"5b06dcfc-c904-4364-ad01-234c1975b5df","_type":"http://sharejs.org/types/JSONv0","_v":1,"_m":{"ctime":1658764426224,"mtime":1659443952432},"_o":"62e91af0c35e10425404fe36","id":"94937688"},"94937689":{"scope":{"type":"project","id":921014},"user_id":12,"source_asset_id":null,"tags":[],"name":"Jog Forward Diagonal Right.glb","revision":1,"source":false,"preload":true,"meta":{"name":"mixamo.com","duration":0.8333333135},"data":null,"type":"animation","file":{"hash":"e5a26cd9f8bab061a6c00ce7adca145e","size":30012,"filename":"Jog Forward Diagonal Right.glb"},"path":[94937681,96009075,94937684,94937686],"task":null,"i18n":{},"branch_id":"5b06dcfc-c904-4364-ad01-234c1975b5df","_type":"http://sharejs.org/types/JSONv0","_v":1,"_m":{"ctime":1658764426224,"mtime":1659443952435},"_o":"62e91af0c35e10caa904fe3c","id":"94937689"},"94937690":{"scope":{"type":"project","id":921014},"user_id":12068,"source_asset_id":null,"source":false,"tags":[],"name":"PlayerMovement.js","revision":1,"preload":true,"meta":null,"data":{"order":100,"scripts":{"playerMovement":{"attributesOrder":["speed"],"attributes":{"speed":{"type":"number","default":0.09}}}},"loadingType":0,"loading":false},"type":"script","file":{"filename":"PlayerMovement.js","size":1859,"hash":"5f3ad91abb3c68252a9c6f68e9b529f6"},"path":[94937681,96009075,94937684,94937698],"task":null,"i18n":{},"branch_id":"5b06dcfc-c904-4364-ad01-234c1975b5df","_type":"http://sharejs.org/types/JSONv0","_v":1,"_m":{"ctime":1658764426224,"mtime":1659443952435},"_o":"62e91af0c35e104fb404fe3d","id":"94937690"},"94937691":{"scope":{"type":"project","id":921014},"user_id":12,"source_asset_id":null,"source":true,"tags":[],"name":"Player","revision":1,"preload":false,"meta":null,"data":null,"type":"folder","file":null,"path":[94937681,96009075,94937684],"task":null,"i18n":{},"branch_id":"5b06dcfc-c904-4364-ad01-234c1975b5df","_type":"http://sharejs.org/types/JSONv0","_v":1,"_m":{"ctime":1658764426224,"mtime":1659443952431},"_o":"62e91af0c35e100d8004fe31","id":"94937691"},"94937692":{"scope":{"type":"project","id":921014},"user_id":12,"source_asset_id":null,"tags":[],"name":"Jog Backward Diagonal Left.glb","revision":1,"source":false,"preload":true,"meta":{"name":"mixamo.com","duration":0.7333333492},"data":null,"type":"animation","file":{"hash":"435ac33928860c3d4024c12de9697b59","size":28876,"filename":"Jog Backward Diagonal Left.glb"},"path":[94937681,96009075,94937684,94937686],"task":null,"i18n":{},"branch_id":"5b06dcfc-c904-4364-ad01-234c1975b5df","_type":"http://sharejs.org/types/JSONv0","_v":1,"_m":{"ctime":1658764426224,"mtime":1659443952430},"_o":"62e91af0c35e107a8f04fe2e","id":"94937692"},"94937693":{"scope":{"type":"project","id":921014},"user_id":12,"source_asset_id":null,"tags":[],"name":"Alpha_Joints_MAT","revision":1,"source":false,"preload":true,"meta":{"index":1},"data":{"shader":"blinn","ambient":[0,0,0],"diffuse":[0.122841,0.170315,0.177774],"specular":[0.282048,0.282048,0.282048],"shininess":9.09091,"emissive":[0,0,0],"opacity":1,"ambientTint":false,"aoMap":null,"aoMapChannel":"r","aoMapUv":0,"aoMapTiling":[1,1],"aoMapOffset":[0,0],"diffuseMap":null,"diffuseMapChannel":"rgb","diffuseMapUv":0,"diffuseMapTiling":[1,1],"diffuseMapOffset":[0,0],"specularMap":null,"specularMapChannel":"rgb","specularMapUv":0,"specularMapTiling":[1,1],"specularMapOffset":[0,0],"specularAntialias":true,"occludeSpecular":1,"enableGGXSpecular":false,"anisotropy":0,"useMetalness":false,"metalness":1,"metalnessMap":null,"metalnessMapChannel":"r","metalnessMapUv":0,"metalnessMapTiling":[1,1],"metalnessMapOffset":[0,0],"conserveEnergy":true,"glossMap":null,"glossMapChannel":"r","glossMapUv":0,"glossMapTiling":[1,1],"glossMapOffset":[0,0],"clearCoat":0,"clearCoatMap":null,"clearCoatMapChannel":"r","clearCoatMapUv":0,"clearCoatMapTiling":[1,1],"clearCoatMapOffset":[0,0],"clearCoatVertexColor":false,"clearCoatVertexColorChannel":"r","clearCoatGlossiness":1,"clearCoatGlossMap":null,"clearCoatGlossMapChannel":"r","clearCoatGlossMapUv":0,"clearCoatGlossMapTiling":[1,1],"clearCoatGlossMapOffset":[0,0],"clearCoatGlossVertexColor":false,"clearCoatGlossVertexColorChannel":"r","clearCoatBumpiness":1,"clearCoatNormalMap":null,"clearCoatNormalMapUv":0,"clearCoatNormalMapTiling":[1,1],"clearCoatNormalMapOffset":[0,0],"fresnelModel":0,"emissiveMap":null,"emissiveMapChannel":"rgb","emissiveMapUv":0,"emissiveMapTiling":[1,1],"emissiveMapOffset":[0,0],"emissiveIntensity":1,"normalMap":null,"normalMapTiling":[1,1],"normalMapOffset":[0,0],"normalMapUv":0,"bumpMapFactor":1,"heightMap":null,"heightMapChannel":"r","heightMapUv":0,"heightMapTiling":[1,1],"heightMapOffset":[0,0],"heightMapFactor":1,"alphaToCoverage":false,"alphaTest":0,"alphaFade":1,"opacityMap":null,"opacityMapChannel":"r","opacityMapUv":0,"opacityMapTiling":[1,1],"opacityMapOffset":[0,0],"opacityFadesSpecular":true,"reflectivity":1,"refraction":0,"refractionIndex":0.6666666666666666,"sphereMap":null,"cubeMap":null,"cubeMapProjection":0,"cubeMapProjectionBox":{"center":[0,0,0],"halfExtents":[0.5,0.5,0.5]},"lightMap":null,"lightMapChannel":"rgb","lightMapUv":1,"lightMapTiling":[1,1],"lightMapOffset":[0,0],"depthTest":true,"depthWrite":true,"cull":1,"blendType":3,"useFog":true,"useLighting":true,"useSkybox":true,"useGammaTonemap":true,"aoMapVertexColor":false,"diffuseMapVertexColor":false,"emissiveMapVertexColor":false,"specularMapVertexColor":false,"metalnessMapVertexColor":false,"opacityMapVertexColor":false,"glossMapVertexColor":false,"lightMapVertexColor":false,"diffuseMapTint":false,"specularMapTint":false,"emissiveMapTint":false,"metalnessMapTint":false},"type":"material","file":null,"path":[94937681,96009075,94937684,94937691],"task":null,"i18n":{},"branch_id":"5b06dcfc-c904-4364-ad01-234c1975b5df","_type":"http://sharejs.org/types/JSONv0","_v":1,"_m":{"ctime":1658764426224,"mtime":1659443952435},"_o":"62e91af0c35e10b83604fe3e","id":"94937693"},"94937694":{"scope":{"type":"project","id":921014},"user_id":12,"source_asset_id":null,"source":false,"tags":[],"name":"Player State Graph","revision":1,"preload":true,"meta":null,"data":{"layers":{"0":{"name":"Base","states":[0,1,2,3,16269646548506516,16269646596714000,16269646661362146,16269646711765182,16269646757385976,16269647232656328,16269647386794744,16269647459464588],"transitions":[0,16269647619398984,16269648308961628,16269649635486966,16269649904735782,16269650020766906,1626965019440303,16269650305994232,16269651833282804,16269686999821736]}},"states":{"0":{"name":"START","id":0,"posX":460,"posY":610,"nodeType":3},"1":{"name":"ANY","id":1,"posX":460,"posY":350,"nodeType":4},"2":{"name":"END","id":2,"posX":-30,"posY":60,"nodeType":5},"3":{"name":"Idle","id":3,"speed":1,"loop":true,"posX":460,"posY":420,"nodeType":1,"defaultState":true},"16269646548506516":{"nodeType":0,"id":16269646548506516,"posX":459.99999999999943,"posY":179.99999999999972,"name":"Forward","speed":1,"loop":true},"16269646596714000":{"nodeType":0,"id":16269646596714000,"posX":459.99999999999943,"posY":680,"name":"Back","speed":1,"loop":true},"16269646661362146":{"nodeType":0,"id":16269646661362146,"posX":190,"posY":420,"name":"Left","speed":1,"loop":true},"16269646711765182":{"nodeType":0,"id":16269646711765182,"posX":730,"posY":420,"name":"Right","speed":1,"loop":true},"16269646757385976":{"nodeType":0,"id":16269646757385976,"posX":190,"posY":180,"name":"Forward Left","speed":1,"loop":true},"16269647232656328":{"nodeType":0,"id":16269647232656328,"posX":730,"posY":180,"name":"Forward Right","speed":1,"loop":true},"16269647386794744":{"nodeType":0,"id":16269647386794744,"posX":729.9999999999997,"posY":680,"name":"Back Right","speed":1,"loop":true},"16269647459464588":{"nodeType":0,"id":16269647459464588,"posX":189.99999999999932,"posY":680,"name":"Back Left","speed":1,"loop":true}},"transitions":{"0":{"from":0,"to":3,"defaultTransition":true,"edgeType":1,"conditions":{}},"16269647619398984":{"from":1,"to":3,"edgeType":3,"conditions":{"0":{"predicate":"EQUAL_TO","value":0,"parameterName":"xDirection"},"1":{"parameterName":"zDirection","predicate":"EQUAL_TO","value":0}},"time":0.15},"16269648308961628":{"from":1,"to":16269647232656328,"edgeType":3,"conditions":{"0":{"parameterName":"xDirection","predicate":"GREATER_THAN","value":0},"1":{"parameterName":"zDirection","predicate":"GREATER_THAN","value":0}},"time":0.15},"16269649635486966":{"from":1,"to":16269646757385976,"edgeType":3,"conditions":{"0":{"parameterName":"xDirection","predicate":"LESS_THAN","value":0},"1":{"parameterName":"zDirection","predicate":"GREATER_THAN","value":0}},"time":0.15},"16269649904735782":{"from":1,"to":16269646548506516,"edgeType":3,"conditions":{"0":{"parameterName":"xDirection","predicate":"EQUAL_TO","value":0},"1":{"parameterName":"zDirection","predicate":"GREATER_THAN","value":0}},"time":0.15},"16269650020766906":{"from":1,"to":16269646711765182,"edgeType":3,"conditions":{"0":{"parameterName":"xDirection","predicate":"GREATER_THAN","value":0},"1":{"parameterName":"zDirection","predicate":"EQUAL_TO","value":0}},"time":0.15},"1626965019440303":{"from":1,"to":16269646661362146,"edgeType":3,"conditions":{"0":{"parameterName":"xDirection","predicate":"LESS_THAN","value":0},"1":{"parameterName":"zDirection","predicate":"EQUAL_TO","value":0}},"time":0.15},"16269650305994232":{"from":1,"to":16269647386794744,"edgeType":3,"conditions":{"1":{"parameterName":"xDirection","predicate":"GREATER_THAN","value":0},"2":{"parameterName":"zDirection","predicate":"LESS_THAN","value":0}},"time":0.15},"16269651833282804":{"from":1,"to":16269647459464588,"edgeType":3,"conditions":{"0":{"parameterName":"xDirection","predicate":"LESS_THAN","value":0},"1":{"parameterName":"zDirection","predicate":"LESS_THAN","value":0}},"time":0.15},"16269686999821736":{"from":1,"to":16269646596714000,"edgeType":3,"conditions":{"0":{"parameterName":"xDirection","predicate":"EQUAL_TO","value":0},"1":{"parameterName":"zDirection","predicate":"LESS_THAN","value":0}},"time":0.15}},"parameters":{"1":{"name":"xDirection","type":"FLOAT","value":0},"2":{"name":"zDirection","type":"FLOAT","value":0}}},"type":"animstategraph","file":null,"path":[94937681,96009075,94937684,94937686],"task":null,"i18n":{},"branch_id":"5b06dcfc-c904-4364-ad01-234c1975b5df","_type":"http://sharejs.org/types/JSONv0","_v":1,"_m":{"ctime":1658764426224,"mtime":1659443952433},"_o":"62e91af0c35e100d3504fe38","id":"94937694"},"94937695":{"scope":{"type":"project","id":921014},"user_id":12,"source_asset_id":null,"tags":[],"name":"Jog Strafe Right.glb","revision":1,"source":false,"preload":true,"meta":{"name":"mixamo.com","duration":0.7333333492},"data":null,"type":"animation","file":{"hash":"c32cf129ecc630c2e54d49043fd3a6b5","size":27908,"filename":"Jog Strafe Right.glb"},"path":[94937681,96009075,94937684,94937686],"task":null,"i18n":{},"branch_id":"5b06dcfc-c904-4364-ad01-234c1975b5df","_type":"http://sharejs.org/types/JSONv0","_v":1,"_m":{"ctime":1658764426224,"mtime":1659443952434},"_o":"62e91af0c35e101f8d04fe41","id":"94937695"},"94937696":{"scope":{"type":"project","id":921014},"user_id":262031,"source_asset_id":null,"source":false,"tags":[],"name":"somGrass","revision":1,"preload":true,"exclude":false,"meta":null,"data":{"ambient":[0,0,0],"ambientTint":false,"aoMap":null,"aoMapChannel":"r","aoMapUv":0,"aoMapTiling":[1,1],"aoMapOffset":[0,0],"diffuse":[0.00784313725490196,1,0.13333333333333333],"diffuseMap":null,"diffuseMapChannel":"rgb","diffuseMapUv":0,"diffuseMapTiling":[1,1],"diffuseMapOffset":[0,0],"specular":[0.23,0.23,0.23],"specularMap":null,"specularMapChannel":"rgb","specularMapUv":0,"specularMapTiling":[1,1],"specularMapOffset":[0,0],"specularAntialias":true,"occludeSpecular":1,"enableGGXSpecular":false,"anisotropy":0,"useMetalness":false,"metalness":1,"metalnessMap":null,"metalnessMapChannel":"r","metalnessMapUv":0,"metalnessMapTiling":[1,1],"metalnessMapOffset":[0,0],"conserveEnergy":true,"shininess":32,"glossMap":null,"glossMapChannel":"r","glossMapUv":0,"glossMapTiling":[1,1],"glossMapOffset":[0,0],"clearCoat":0,"clearCoatMap":null,"clearCoatMapChannel":"r","clearCoatMapUv":0,"clearCoatMapTiling":[1,1],"clearCoatMapOffset":[0,0],"clearCoatVertexColor":false,"clearCoatVertexColorChannel":"r","clearCoatGlossiness":1,"clearCoatGlossMap":null,"clearCoatGlossMapChannel":"r","clearCoatGlossMapUv":0,"clearCoatGlossMapTiling":[1,1],"clearCoatGlossMapOffset":[0,0],"clearCoatGlossVertexColor":false,"clearCoatGlossVertexColorChannel":"r","clearCoatBumpiness":1,"clearCoatNormalMap":null,"clearCoatNormalMapUv":0,"clearCoatNormalMapTiling":[1,1],"clearCoatNormalMapOffset":[0,0],"fresnelModel":0,"emissive":[0,0,0],"emissiveMap":null,"emissiveMapChannel":"rgb","emissiveMapUv":0,"emissiveMapTiling":[1,1],"emissiveMapOffset":[0,0],"emissiveIntensity":1,"normalMap":null,"normalMapTiling":[1,1],"normalMapOffset":[0,0],"normalMapUv":0,"bumpMapFactor":1,"heightMap":null,"heightMapChannel":"r","heightMapUv":0,"heightMapTiling":[1,1],"heightMapOffset":[0,0],"heightMapFactor":1,"alphaToCoverage":false,"alphaTest":0,"alphaFade":1,"opacity":1,"opacityMap":null,"opacityMapChannel":"r","opacityMapUv":0,"opacityMapTiling":[1,1],"opacityMapOffset":[0,0],"opacityFadesSpecular":true,"reflectivity":1,"refraction":0,"refractionIndex":0.6666666666666666,"sphereMap":null,"cubeMap":null,"cubeMapProjection":0,"cubeMapProjectionBox":{"center":[0,0,0],"halfExtents":[0.5,0.5,0.5]},"lightMap":null,"lightMapChannel":"rgb","lightMapUv":1,"lightMapTiling":[1,1],"lightMapOffset":[0,0],"depthTest":true,"depthWrite":true,"cull":1,"blendType":3,"shader":"blinn","useFog":true,"useLighting":true,"useSkybox":true,"useGammaTonemap":true,"aoMapVertexColor":false,"diffuseMapVertexColor":false,"emissiveMapVertexColor":false,"specularMapVertexColor":false,"metalnessMapVertexColor":false,"opacityMapVertexColor":false,"glossMapVertexColor":false,"lightMapVertexColor":false,"diffuseMapTint":false,"specularMapTint":false,"emissiveMapTint":false,"metalnessMapTint":false},"type":"material","file":null,"path":[94937681,96009075],"task":null,"i18n":{},"branch_id":"5b06dcfc-c904-4364-ad01-234c1975b5df","_type":"http://sharejs.org/types/JSONv0","_v":1,"_m":{"ctime":1658764426224,"mtime":1659443959588},"_o":"62e91af709ad5c6da4028f27","id":"94937696"},"94937697":{"scope":{"type":"project","id":921014},"user_id":12,"source_asset_id":null,"tags":[],"name":"Alpha_Body_MAT","revision":1,"source":false,"preload":true,"meta":{"index":0},"data":{"shader":"blinn","ambient":[0,0,0],"diffuse":[0.077256,0.337296,0.4176],"specular":[0.47863,0.47863,0.47863],"shininess":17.0712,"emissive":[0,0,0],"opacity":1,"ambientTint":false,"aoMap":null,"aoMapChannel":"r","aoMapUv":0,"aoMapTiling":[1,1],"aoMapOffset":[0,0],"diffuseMap":null,"diffuseMapChannel":"rgb","diffuseMapUv":0,"diffuseMapTiling":[1,1],"diffuseMapOffset":[0,0],"specularMap":null,"specularMapChannel":"rgb","specularMapUv":0,"specularMapTiling":[1,1],"specularMapOffset":[0,0],"specularAntialias":true,"occludeSpecular":1,"enableGGXSpecular":false,"anisotropy":0,"useMetalness":false,"metalness":1,"metalnessMap":null,"metalnessMapChannel":"r","metalnessMapUv":0,"metalnessMapTiling":[1,1],"metalnessMapOffset":[0,0],"conserveEnergy":true,"glossMap":null,"glossMapChannel":"r","glossMapUv":0,"glossMapTiling":[1,1],"glossMapOffset":[0,0],"clearCoat":0,"clearCoatMap":null,"clearCoatMapChannel":"r","clearCoatMapUv":0,"clearCoatMapTiling":[1,1],"clearCoatMapOffset":[0,0],"clearCoatVertexColor":false,"clearCoatVertexColorChannel":"r","clearCoatGlossiness":1,"clearCoatGlossMap":null,"clearCoatGlossMapChannel":"r","clearCoatGlossMapUv":0,"clearCoatGlossMapTiling":[1,1],"clearCoatGlossMapOffset":[0,0],"clearCoatGlossVertexColor":false,"clearCoatGlossVertexColorChannel":"r","clearCoatBumpiness":1,"clearCoatNormalMap":null,"clearCoatNormalMapUv":0,"clearCoatNormalMapTiling":[1,1],"clearCoatNormalMapOffset":[0,0],"fresnelModel":0,"emissiveMap":null,"emissiveMapChannel":"rgb","emissiveMapUv":0,"emissiveMapTiling":[1,1],"emissiveMapOffset":[0,0],"emissiveIntensity":1,"normalMap":null,"normalMapTiling":[1,1],"normalMapOffset":[0,0],"normalMapUv":0,"bumpMapFactor":1,"heightMap":null,"heightMapChannel":"r","heightMapUv":0,"heightMapTiling":[1,1],"heightMapOffset":[0,0],"heightMapFactor":1,"alphaToCoverage":false,"alphaTest":0,"alphaFade":1,"opacityMap":null,"opacityMapChannel":"r","opacityMapUv":0,"opacityMapTiling":[1,1],"opacityMapOffset":[0,0],"opacityFadesSpecular":true,"reflectivity":1,"refraction":0,"refractionIndex":0.6666666666666666,"sphereMap":null,"cubeMap":null,"cubeMapProjection":0,"cubeMapProjectionBox":{"center":[0,0,0],"halfExtents":[0.5,0.5,0.5]},"lightMap":null,"lightMapChannel":"rgb","lightMapUv":1,"lightMapTiling":[1,1],"lightMapOffset":[0,0],"depthTest":true,"depthWrite":true,"cull":1,"blendType":3,"useFog":true,"useLighting":true,"useSkybox":true,"useGammaTonemap":true,"aoMapVertexColor":false,"diffuseMapVertexColor":false,"emissiveMapVertexColor":false,"specularMapVertexColor":false,"metalnessMapVertexColor":false,"opacityMapVertexColor":false,"glossMapVertexColor":false,"lightMapVertexColor":false,"diffuseMapTint":false,"specularMapTint":false,"emissiveMapTint":false,"metalnessMapTint":false},"type":"material","file":null,"path":[94937681,96009075,94937684,94937691],"task":null,"i18n":{},"branch_id":"5b06dcfc-c904-4364-ad01-234c1975b5df","_type":"http://sharejs.org/types/JSONv0","_v":1,"_m":{"ctime":1658764426224,"mtime":1659443952436},"_o":"62e91af0c35e100ef204fe40","id":"94937697"},"94937698":{"scope":{"type":"project","id":921014},"user_id":12068,"source_asset_id":null,"source":true,"tags":[],"name":"Scripts","revision":1,"preload":false,"meta":null,"data":null,"type":"folder","file":null,"path":[94937681,96009075,94937684],"task":null,"i18n":{},"branch_id":"5b06dcfc-c904-4364-ad01-234c1975b5df","_type":"http://sharejs.org/types/JSONv0","_v":1,"_m":{"ctime":1658764426224,"mtime":1659443952432},"_o":"62e91af0c35e101bfb04fe34","id":"94937698"},"94937699":{"scope":{"type":"project","id":921014},"user_id":12,"source_asset_id":null,"tags":[],"name":"Idle.glb","revision":1,"source":false,"preload":true,"meta":{"name":"mixamo.com","duration":8.333333015},"data":null,"type":"animation","file":{"hash":"6e12daff5f3d29e73da1a5b0ad9774d7","size":53488,"filename":"Idle.glb"},"path":[94937681,96009075,94937684,94937686],"task":null,"i18n":{},"branch_id":"5b06dcfc-c904-4364-ad01-234c1975b5df","_type":"http://sharejs.org/types/JSONv0","_v":1,"_m":{"ctime":1658764426224,"mtime":1659443952433},"_o":"62e91af0c35e10c73e04fe37","id":"94937699"},"94937700":{"scope":{"type":"project","id":921014},"user_id":12,"source_asset_id":null,"tags":[],"name":"Alpha_Surface","revision":1,"source":false,"preload":true,"meta":{"meshInstances":1,"skinned":true},"data":{"containerAsset":94937702,"renderIndex":0},"type":"render","path":[94937681,96009075,94937684,94937691],"file":null,"task":null,"i18n":{},"branch_id":"5b06dcfc-c904-4364-ad01-234c1975b5df","_type":"http://sharejs.org/types/JSONv0","_v":1,"_m":{"ctime":1658764426224,"mtime":1659443952432},"_o":"62e91af0c35e107da204fe35","id":"94937700"},"94937701":{"scope":{"type":"project","id":921014},"user_id":262031,"source_asset_id":null,"source":false,"tags":[],"name":"Web World Prefab","revision":1,"preload":true,"exclude":false,"meta":null,"data":{"entities":{"82c58e64-5f17-42a2-9d82-7f02b2d27419":{"name":"Web World Prefab","tags":[],"enabled":true,"resource_id":"82c58e64-5f17-42a2-9d82-7f02b2d27419","parent":null,"children":["6b3482e4-7c51-4ed7-bcaf-12a4684f9ad1","f6edb861-97c6-44d6-969c-7e8b5123ce3b","18dfa3a9-f639-4e80-83fb-3fab4e0b727c"],"position":[0,0,0],"rotation":[0,0,0],"scale":[1,1,1],"components":{"script":{"enabled":true,"order":["somSim","_som_webWorld"],"scripts":{"somSim":{"enabled":true,"attributes":{}},"_som_webWorld":{"enabled":true,"attributes":{"type":0,"allowedParcels":[]}}}}}},"f6edb861-97c6-44d6-969c-7e8b5123ce3b":{"name":"LocalPlayerSimulator","tags":[],"enabled":false,"resource_id":"f6edb861-97c6-44d6-969c-7e8b5123ce3b","parent":"82c58e64-5f17-42a2-9d82-7f02b2d27419","children":["3965e3ae-b374-4897-b7c6-149b9677a0cf","7ca1bb0d-0e81-4d16-a1f4-1532f59a2b04"],"position":[0,0.9783530720434193,0],"rotation":[0,0,0],"scale":[1,1,1],"components":{"collision":{"enabled":true,"type":"capsule","halfExtents":[0.5,0.5,0.5],"radius":0.35,"axis":1,"height":1.84,"asset":null,"renderAsset":null},"rigidbody":{"enabled":true,"type":"dynamic","mass":50,"linearDamping":0.99,"angularDamping":1,"linearFactor":[1,1,1],"angularFactor":[0,0,0],"friction":0.75,"restitution":0.5},"script":{"enabled":true,"order":["playerMovement"],"scripts":{"playerMovement":{"enabled":true,"attributes":{"speed":0.07}}}},"anim":{"stateGraphAsset":94937694,"animationAssets":{"Base:Idle":{"asset":94937699},"Base:Forward":{"asset":94937705},"Base:Back":{"asset":94937706},"Base:Left":{"asset":94937683},"Base:Right":{"asset":94937695},"Base:Forward Left":{"asset":94937703},"Base:Forward Right":{"asset":94937689},"Base:Back Right":{"asset":94937687},"Base:Back Left":{"asset":94937692}},"enabled":true,"speed":1,"activate":true,"playing":false,"rootBone":"3965e3ae-b374-4897-b7c6-149b9677a0cf","masks":{},"normalizeWeights":true}}},"3965e3ae-b374-4897-b7c6-149b9677a0cf":{"name":"Model","tags":[],"enabled":true,"resource_id":"3965e3ae-b374-4897-b7c6-149b9677a0cf","parent":"f6edb861-97c6-44d6-969c-7e8b5123ce3b","children":["daaed911-1523-4116-a2e6-8a0d583eb61c","4d957c67-2bcb-4c4f-817e-50d223670238","2b15fc35-fdd1-4a74-ae60-6cb0863f172f"],"position":[0,-0.9319999814033508,0],"rotation":[0,180,0],"scale":[0.01,0.01,0.01],"components":{}},"daaed911-1523-4116-a2e6-8a0d583eb61c":{"name":"mixamorig:Hips","tags":[],"enabled":true,"resource_id":"daaed911-1523-4116-a2e6-8a0d583eb61c","parent":"3965e3ae-b374-4897-b7c6-149b9677a0cf","children":["626e5491-ab44-4c3e-8f61-6f3bf9ef8d90","7a15bd1e-bfaa-4bc0-9df2-048c4949e0ff","12ed424b-186d-496a-a054-c59d4723100f"],"position":[0,99.6721,0.247052],"rotation":[0,0,0],"scale":[1,1,1],"components":{}},"626e5491-ab44-4c3e-8f61-6f3bf9ef8d90":{"name":"mixamorig:Spine","tags":[],"enabled":true,"resource_id":"626e5491-ab44-4c3e-8f61-6f3bf9ef8d90","parent":"daaed911-1523-4116-a2e6-8a0d583eb61c","children":["0cec6a82-0349-4878-9d91-bad541f9e97b"],"position":[5.64832e-7,9.92346,-1.22733],"rotation":[0,0,0],"scale":[1,1,1],"components":{}},"0cec6a82-0349-4878-9d91-bad541f9e97b":{"name":"mixamorig:Spine1","tags":[],"enabled":true,"resource_id":"0cec6a82-0349-4878-9d91-bad541f9e97b","parent":"626e5491-ab44-4c3e-8f61-6f3bf9ef8d90","children":["7d4e38e7-1f7c-424f-b722-7417c3c6d22a"],"position":[-0.000138865,11.6454,-1.42234],"rotation":[0,0,0],"scale":[1,1,1],"components":{}},"7d4e38e7-1f7c-424f-b722-7417c3c6d22a":{"name":"mixamorig:Spine2","tags":[],"enabled":true,"resource_id":"7d4e38e7-1f7c-424f-b722-7417c3c6d22a","parent":"0cec6a82-0349-4878-9d91-bad541f9e97b","children":["de3547bf-fefd-4ea5-9adf-85b280ac380c","7d86e1f2-4119-4f8f-b727-1e6aa54d0258","6b2d228d-46c8-41ca-bdbb-d1ac301ff446"],"position":[0.0000914407,13.3602,-1.62646],"rotation":[0,0,0],"scale":[1,1,1],"components":{}},"de3547bf-fefd-4ea5-9adf-85b280ac380c":{"name":"mixamorig:Neck","tags":[],"enabled":true,"resource_id":"de3547bf-fefd-4ea5-9adf-85b280ac380c","parent":"7d4e38e7-1f7c-424f-b722-7417c3c6d22a","children":["b94211fd-7194-4699-9e23-04f208d25779"],"position":[0.0000252021,15.0325,0.792905],"rotation":[0,0,0],"scale":[1,1,1],"components":{}},"b94211fd-7194-4699-9e23-04f208d25779":{"name":"mixamorig:Head","tags":[],"enabled":true,"resource_id":"b94211fd-7194-4699-9e23-04f208d25779","parent":"de3547bf-fefd-4ea5-9adf-85b280ac380c","children":["3733d0b3-3729-440e-8e90-bb24cce0079c","d546a051-9793-4b76-ade3-7d29659718e8","82fc07b6-6af4-45c4-b87e-be739b55b883"],"position":[0.00000237075,10.3218,3.14243],"rotation":[0,0,0],"scale":[1,1,1],"components":{}},"3733d0b3-3729-440e-8e90-bb24cce0079c":{"name":"mixamorig:HeadTop_End","tags":[],"enabled":true,"resource_id":"3733d0b3-3729-440e-8e90-bb24cce0079c","parent":"b94211fd-7194-4699-9e23-04f208d25779","children":[],"position":[0.000154173,18.4747,6.6364],"rotation":[0,0,0],"scale":[1,1,1],"components":{}},"d546a051-9793-4b76-ade3-7d29659718e8":{"name":"mixamorig:LeftEye","tags":[],"enabled":true,"resource_id":"d546a051-9793-4b76-ade3-7d29659718e8","parent":"b94211fd-7194-4699-9e23-04f208d25779","children":[],"position":[2.94792,7.68175,9.12073],"rotation":[0,0,0],"scale":[1,1,1],"components":{}},"82fc07b6-6af4-45c4-b87e-be739b55b883":{"name":"mixamorig:RightEye","tags":[],"enabled":true,"resource_id":"82fc07b6-6af4-45c4-b87e-be739b55b883","parent":"b94211fd-7194-4699-9e23-04f208d25779","children":[],"position":[-2.94448,7.68175,9.1205],"rotation":[0,0,0],"scale":[1,1,1],"components":{}},"7d86e1f2-4119-4f8f-b727-1e6aa54d0258":{"name":"mixamorig:LeftShoulder","tags":[],"enabled":true,"resource_id":"7d86e1f2-4119-4f8f-b727-1e6aa54d0258","parent":"7d4e38e7-1f7c-424f-b722-7417c3c6d22a","children":["9946c697-deb7-4fa1-9be0-6fb1ba897ff5"],"position":[6.10582,9.11042,0.705551],"rotation":[0,0,0],"scale":[1,1,1],"components":{}},"9946c697-deb7-4fa1-9be0-6fb1ba897ff5":{"name":"mixamorig:LeftArm","tags":[],"enabled":true,"resource_id":"9946c697-deb7-4fa1-9be0-6fb1ba897ff5","parent":"7d86e1f2-4119-4f8f-b727-1e6aa54d0258","children":["4cf76bb5-28f6-41b3-b53c-cb7a685df4d3"],"position":[12.655,-0.265934,-2.60092],"rotation":[0,0,0],"scale":[1,1,1],"components":{}},"4cf76bb5-28f6-41b3-b53c-cb7a685df4d3":{"name":"mixamorig:LeftForeArm","tags":[],"enabled":true,"resource_id":"4cf76bb5-28f6-41b3-b53c-cb7a685df4d3","parent":"9946c697-deb7-4fa1-9be0-6fb1ba897ff5","children":["6d39fb4a-7a96-462f-b536-78057415cbba"],"position":[27.4047,0.0000391267,0.00000658811],"rotation":[0,0,0],"scale":[1,1,1],"components":{}},"6d39fb4a-7a96-462f-b536-78057415cbba":{"name":"mixamorig:LeftHand","tags":[],"enabled":true,"resource_id":"6d39fb4a-7a96-462f-b536-78057415cbba","parent":"4cf76bb5-28f6-41b3-b53c-cb7a685df4d3","children":["c516aa88-057d-40e4-9b6e-01f83d070fc1","5ff27874-3461-431c-9114-d7c484fe5272","3bbf4f2c-af3a-4dda-888e-23b025be313a","77d6c6a1-7d5a-4c1c-ab55-f05b60f95287","28e284f5-5e6e-4962-b506-d43218ad79f3"],"position":[27.6145,0.0000289518,0.0000196466],"rotation":[0,0,0],"scale":[1,1,1],"components":{}},"c516aa88-057d-40e4-9b6e-01f83d070fc1":{"name":"mixamorig:LeftHandMiddle1","tags":[],"enabled":true,"resource_id":"c516aa88-057d-40e4-9b6e-01f83d070fc1","parent":"6d39fb4a-7a96-462f-b536-78057415cbba","children":["211a8e2e-1994-44e1-a217-a941e6d01bf8"],"position":[12.7755,0.000013342,0.0000204185],"rotation":[0,0,0],"scale":[1,1,1],"components":{}},"211a8e2e-1994-44e1-a217-a941e6d01bf8":{"name":"mixamorig:LeftHandMiddle2","tags":[],"enabled":true,"resource_id":"211a8e2e-1994-44e1-a217-a941e6d01bf8","parent":"c516aa88-057d-40e4-9b6e-01f83d070fc1","children":["d2307e35-e0ed-4344-8cf8-83066cf751db"],"position":[3.61397,0.00000266014,0.00000246236],"rotation":[0,0,0],"scale":[1,1,1],"components":{}},"d2307e35-e0ed-4344-8cf8-83066cf751db":{"name":"mixamorig:LeftHandMiddle3","tags":[],"enabled":true,"resource_id":"d2307e35-e0ed-4344-8cf8-83066cf751db","parent":"211a8e2e-1994-44e1-a217-a941e6d01bf8","children":["fea62f00-7f2e-49a7-b00c-e0705cd877ca"],"position":[3.45976,5.43247e-7,-0.0000264197],"rotation":[0,0,0],"scale":[1,1,1],"components":{}},"fea62f00-7f2e-49a7-b00c-e0705cd877ca":{"name":"mixamorig:LeftHandMiddle4","tags":[],"enabled":true,"resource_id":"fea62f00-7f2e-49a7-b00c-e0705cd877ca","parent":"d2307e35-e0ed-4344-8cf8-83066cf751db","children":[],"position":[3.68019,-8.55934e-8,0.0000327692],"rotation":[0,0,0],"scale":[1,1,1],"components":{}},"5ff27874-3461-431c-9114-d7c484fe5272":{"name":"mixamorig:LeftHandThumb1","tags":[],"enabled":true,"resource_id":"5ff27874-3461-431c-9114-d7c484fe5272","parent":"6d39fb4a-7a96-462f-b536-78057415cbba","children":["4eb067d0-edc8-485b-9889-adee7867e23c"],"position":[3.78881,-2.167,3.00309],"rotation":[0,0,0],"scale":[1,1,1],"components":{}},"4eb067d0-edc8-485b-9889-adee7867e23c":{"name":"mixamorig:LeftHandThumb2","tags":[],"enabled":true,"resource_id":"4eb067d0-edc8-485b-9889-adee7867e23c","parent":"5ff27874-3461-431c-9114-d7c484fe5272","children":["8696f10e-629f-4456-be21-8a31100b090a"],"position":[3.67544,-2.12201,2.12201],"rotation":[0,0,0],"scale":[1,1,1],"components":{}},"8696f10e-629f-4456-be21-8a31100b090a":{"name":"mixamorig:LeftHandThumb3","tags":[],"enabled":true,"resource_id":"8696f10e-629f-4456-be21-8a31100b090a","parent":"4eb067d0-edc8-485b-9889-adee7867e23c","children":["2613b4b3-6c35-4d5b-8ffd-277915417a04"],"position":[3.39436,-1.95974,1.95979],"rotation":[0,0,0],"scale":[1,1,1],"components":{}},"2613b4b3-6c35-4d5b-8ffd-277915417a04":{"name":"mixamorig:LeftHandThumb4","tags":[],"enabled":true,"resource_id":"2613b4b3-6c35-4d5b-8ffd-277915417a04","parent":"8696f10e-629f-4456-be21-8a31100b090a","children":[],"position":[2.6794,-1.54694,1.54692],"rotation":[0,0,0],"scale":[1,1,1],"components":{}},"3bbf4f2c-af3a-4dda-888e-23b025be313a":{"name":"mixamorig:LeftHandIndex1","tags":[],"enabled":true,"resource_id":"3bbf4f2c-af3a-4dda-888e-23b025be313a","parent":"6d39fb4a-7a96-462f-b536-78057415cbba","children":["b31d13cc-8977-4301-8f57-57764736ffdb"],"position":[12.2666,-0.231669,2.82206],"rotation":[0,0,0],"scale":[1,1,1],"components":{}},"b31d13cc-8977-4301-8f57-57764736ffdb":{"name":"mixamorig:LeftHandIndex2","tags":[],"enabled":true,"resource_id":"b31d13cc-8977-4301-8f57-57764736ffdb","parent":"3bbf4f2c-af3a-4dda-888e-23b025be313a","children":["e37cd267-826d-4b84-8231-aeed3e42a4bd"],"position":[3.89197,0.00000168687,0.0000387215],"rotation":[0,0,0],"scale":[1,1,1],"components":{}},"e37cd267-826d-4b84-8231-aeed3e42a4bd":{"name":"mixamorig:LeftHandIndex3","tags":[],"enabled":true,"resource_id":"e37cd267-826d-4b84-8231-aeed3e42a4bd","parent":"b31d13cc-8977-4301-8f57-57764736ffdb","children":["1611d711-22c0-43e4-ae91-9c0fa42f9135"],"position":[3.41516,5.74911e-7,-0.00000877053],"rotation":[0,0,0],"scale":[1,1,1],"components":{}},"1611d711-22c0-43e4-ae91-9c0fa42f9135":{"name":"mixamorig:LeftHandIndex4","tags":[],"enabled":true,"resource_id":"1611d711-22c0-43e4-ae91-9c0fa42f9135","parent":"e37cd267-826d-4b84-8231-aeed3e42a4bd","children":[],"position":[3.07799,7.92692e-8,-0.00000856039],"rotation":[0,0,0],"scale":[1,1,1],"components":{}},"77d6c6a1-7d5a-4c1c-ab55-f05b60f95287":{"name":"mixamorig:LeftHandRing1","tags":[],"enabled":true,"resource_id":"77d6c6a1-7d5a-4c1c-ab55-f05b60f95287","parent":"6d39fb4a-7a96-462f-b536-78057415cbba","children":["b4963896-4331-45d7-a939-51f71aaa4efc"],"position":[12.147,0.00989498,-2.21663],"rotation":[0,0,0],"scale":[1,1,1],"components":{}},"b4963896-4331-45d7-a939-51f71aaa4efc":{"name":"mixamorig:LeftHandRing2","tags":[],"enabled":true,"resource_id":"b4963896-4331-45d7-a939-51f71aaa4efc","parent":"77d6c6a1-7d5a-4c1c-ab55-f05b60f95287","children":["144ef5e9-dcb4-4d48-a9d3-735d06273675"],"position":[3.60119,0.00000151294,0.0000351122],"rotation":[0,0,0],"scale":[1,1,1],"components":{}},"144ef5e9-dcb4-4d48-a9d3-735d06273675":{"name":"mixamorig:LeftHandRing3","tags":[],"enabled":true,"resource_id":"144ef5e9-dcb4-4d48-a9d3-735d06273675","parent":"b4963896-4331-45d7-a939-51f71aaa4efc","children":["d498b9d9-35e5-4905-a621-db277dc1c6e5"],"position":[3.30732,0.00000453174,-0.0000208933],"rotation":[0,0,0],"scale":[1,1,1],"components":{}},"d498b9d9-35e5-4905-a621-db277dc1c6e5":{"name":"mixamorig:LeftHandRing4","tags":[],"enabled":true,"resource_id":"d498b9d9-35e5-4905-a621-db277dc1c6e5","parent":"144ef5e9-dcb4-4d48-a9d3-735d06273675","children":[],"position":[3.66012,0.00000290611,4.54771e-8],"rotation":[0,0,0],"scale":[1,1,1],"components":{}},"28e284f5-5e6e-4962-b506-d43218ad79f3":{"name":"mixamorig:LeftHandPinky1","tags":[],"enabled":true,"resource_id":"28e284f5-5e6e-4962-b506-d43218ad79f3","parent":"6d39fb4a-7a96-462f-b536-78057415cbba","children":["ec30ced1-629f-4c06-82c8-2c1ca0ba99d1"],"position":[10.9082,-0.226365,-4.72582],"rotation":[0,0,0],"scale":[1,1,1],"components":{}},"ec30ced1-629f-4c06-82c8-2c1ca0ba99d1":{"name":"mixamorig:LeftHandPinky2","tags":[],"enabled":true,"resource_id":"ec30ced1-629f-4c06-82c8-2c1ca0ba99d1","parent":"28e284f5-5e6e-4962-b506-d43218ad79f3","children":["a6af6296-102b-4aec-9cc9-e95e6c5a0e21"],"position":[4.13665,0.00000229995,0.0000268984],"rotation":[0,0,0],"scale":[1,1,1],"components":{}},"a6af6296-102b-4aec-9cc9-e95e6c5a0e21":{"name":"mixamorig:LeftHandPinky3","tags":[],"enabled":true,"resource_id":"a6af6296-102b-4aec-9cc9-e95e6c5a0e21","parent":"ec30ced1-629f-4c06-82c8-2c1ca0ba99d1","children":["a438ce2c-d043-4639-9e74-5e64f8a504e8"],"position":[2.59484,5.93904e-8,-0.000036009],"rotation":[0,0,0],"scale":[1,1,1],"components":{}},"a438ce2c-d043-4639-9e74-5e64f8a504e8":{"name":"mixamorig:LeftHandPinky4","tags":[],"enabled":true,"resource_id":"a438ce2c-d043-4639-9e74-5e64f8a504e8","parent":"a6af6296-102b-4aec-9cc9-e95e6c5a0e21","children":[],"position":[2.92387,0.00000144074,0.0000187321],"rotation":[0,0,0],"scale":[1,1,1],"components":{}},"6b2d228d-46c8-41ca-bdbb-d1ac301ff446":{"name":"mixamorig:RightShoulder","tags":[],"enabled":true,"resource_id":"6b2d228d-46c8-41ca-bdbb-d1ac301ff446","parent":"7d4e38e7-1f7c-424f-b722-7417c3c6d22a","children":["c5bfbc4a-7e0f-4fd2-8efa-c79464644ca4"],"position":[-6.1057,9.11051,0.705563],"rotation":[0,0,0],"scale":[1,1,1],"components":{}},"c5bfbc4a-7e0f-4fd2-8efa-c79464644ca4":{"name":"mixamorig:RightArm","tags":[],"enabled":true,"resource_id":"c5bfbc4a-7e0f-4fd2-8efa-c79464644ca4","parent":"6b2d228d-46c8-41ca-bdbb-d1ac301ff446","children":["90abe832-6c03-434b-af42-9db996b8c3ec"],"position":[-12.655,-0.266021,-2.6009],"rotation":[0,0,0],"scale":[1,1,1],"components":{}},"90abe832-6c03-434b-af42-9db996b8c3ec":{"name":"mixamorig:RightForeArm","tags":[],"enabled":true,"resource_id":"90abe832-6c03-434b-af42-9db996b8c3ec","parent":"c5bfbc4a-7e0f-4fd2-8efa-c79464644ca4","children":["473f30d5-9d79-4c66-896d-3e220469db2f"],"position":[-27.4047,0.0000328841,0.00000527564],"rotation":[0,0,0],"scale":[1,1,1],"components":{}},"473f30d5-9d79-4c66-896d-3e220469db2f":{"name":"mixamorig:RightHand","tags":[],"enabled":true,"resource_id":"473f30d5-9d79-4c66-896d-3e220469db2f","parent":"90abe832-6c03-434b-af42-9db996b8c3ec","children":["a316198c-a7fb-46f7-ae68-75a20aa98618","46e32fdd-9a5d-4d36-a16c-47d41e8a7455","535d08dd-0ffd-4c14-b832-e7c3e9ecd185","46b6151f-ca88-4473-9f1d-bccdaec25239","8d771693-64fe-4047-b912-e8434972cd3e"],"position":[-27.6145,0.0000226615,0.0000183241],"rotation":[0,0,0],"scale":[1,1,1],"components":{}},"a316198c-a7fb-46f7-ae68-75a20aa98618":{"name":"mixamorig:RightHandMiddle1","tags":[],"enabled":true,"resource_id":"a316198c-a7fb-46f7-ae68-75a20aa98618","parent":"473f30d5-9d79-4c66-896d-3e220469db2f","children":["add490fe-cb74-4d45-819f-8459218d20b3"],"position":[-12.7755,0.00000894577,0.0000180116],"rotation":[0,0,0],"scale":[1,1,1],"components":{}},"add490fe-cb74-4d45-819f-8459218d20b3":{"name":"mixamorig:RightHandMiddle2","tags":[],"enabled":true,"resource_id":"add490fe-cb74-4d45-819f-8459218d20b3","parent":"a316198c-a7fb-46f7-ae68-75a20aa98618","children":["868c3fda-d8b9-4d1b-8696-d4726cb7dcaa"],"position":[-3.61397,0.0000027565,0.00000308034],"rotation":[0,0,0],"scale":[1,1,1],"components":{}},"868c3fda-d8b9-4d1b-8696-d4726cb7dcaa":{"name":"mixamorig:RightHandMiddle3","tags":[],"enabled":true,"resource_id":"868c3fda-d8b9-4d1b-8696-d4726cb7dcaa","parent":"add490fe-cb74-4d45-819f-8459218d20b3","children":["9898e286-b029-4729-bb62-f076bc49cc9b"],"position":[-3.45976,-1.97218e-7,-0.0000264579],"rotation":[0,0,0],"scale":[1,1,1],"components":{}},"9898e286-b029-4729-bb62-f076bc49cc9b":{"name":"mixamorig:RightHandMiddle4","tags":[],"enabled":true,"resource_id":"9898e286-b029-4729-bb62-f076bc49cc9b","parent":"868c3fda-d8b9-4d1b-8696-d4726cb7dcaa","children":[],"position":[-3.68019,-6.57605e-7,0.0000325098],"rotation":[0,0,0],"scale":[1,1,1],"components":{}},"46e32fdd-9a5d-4d36-a16c-47d41e8a7455":{"name":"mixamorig:RightHandThumb1","tags":[],"enabled":true,"resource_id":"46e32fdd-9a5d-4d36-a16c-47d41e8a7455","parent":"473f30d5-9d79-4c66-896d-3e220469db2f","children":["0da45216-b11a-43d5-ac6f-3f2d52320fcd"],"position":[-3.78881,-2.167,3.00309],"rotation":[0,0,0],"scale":[1,1,1],"components":{}},"0da45216-b11a-43d5-ac6f-3f2d52320fcd":{"name":"mixamorig:RightHandThumb2","tags":[],"enabled":true,"resource_id":"0da45216-b11a-43d5-ac6f-3f2d52320fcd","parent":"46e32fdd-9a5d-4d36-a16c-47d41e8a7455","children":["ec5774de-4f90-4c9e-8137-5325954f9318"],"position":[-3.67544,-2.12201,2.12201],"rotation":[0,0,0],"scale":[1,1,1],"components":{}},"ec5774de-4f90-4c9e-8137-5325954f9318":{"name":"mixamorig:RightHandThumb3","tags":[],"enabled":true,"resource_id":"ec5774de-4f90-4c9e-8137-5325954f9318","parent":"0da45216-b11a-43d5-ac6f-3f2d52320fcd","children":["13e3674f-2b07-4eab-93d7-739b9bb50e01"],"position":[-3.39436,-1.95975,1.95979],"rotation":[0,0,0],"scale":[1,1,1],"components":{}},"13e3674f-2b07-4eab-93d7-739b9bb50e01":{"name":"mixamorig:RightHandThumb4","tags":[],"enabled":true,"resource_id":"13e3674f-2b07-4eab-93d7-739b9bb50e01","parent":"ec5774de-4f90-4c9e-8137-5325954f9318","children":[],"position":[-2.6794,-1.54695,1.54692],"rotation":[0,0,0],"scale":[1,1,1],"components":{}},"535d08dd-0ffd-4c14-b832-e7c3e9ecd185":{"name":"mixamorig:RightHandIndex1","tags":[],"enabled":true,"resource_id":"535d08dd-0ffd-4c14-b832-e7c3e9ecd185","parent":"473f30d5-9d79-4c66-896d-3e220469db2f","children":["ca92c507-f3a5-4679-b7d0-69b987a62df5"],"position":[-12.2666,-0.231673,2.82206],"rotation":[0,0,0],"scale":[1,1,1],"components":{}},"ca92c507-f3a5-4679-b7d0-69b987a62df5":{"name":"mixamorig:RightHandIndex2","tags":[],"enabled":true,"resource_id":"ca92c507-f3a5-4679-b7d0-69b987a62df5","parent":"535d08dd-0ffd-4c14-b832-e7c3e9ecd185","children":["c5aae95e-5d48-4108-86a5-cd0dc35e4912"],"position":[-3.89197,-7.20555e-8,0.000037513],"rotation":[0,0,0],"scale":[1,1,1],"components":{}},"c5aae95e-5d48-4108-86a5-cd0dc35e4912":{"name":"mixamorig:RightHandIndex3","tags":[],"enabled":true,"resource_id":"c5aae95e-5d48-4108-86a5-cd0dc35e4912","parent":"ca92c507-f3a5-4679-b7d0-69b987a62df5","children":["6ed1ec8f-96a9-4974-9b96-55ccbfe55c78"],"position":[-3.41516,2.52991e-7,-0.00000860584],"rotation":[0,0,0],"scale":[1,1,1],"components":{}},"6ed1ec8f-96a9-4974-9b96-55ccbfe55c78":{"name":"mixamorig:RightHandIndex4","tags":[],"enabled":true,"resource_id":"6ed1ec8f-96a9-4974-9b96-55ccbfe55c78","parent":"c5aae95e-5d48-4108-86a5-cd0dc35e4912","children":[],"position":[-3.07799,-9.37284e-7,-0.00000878058],"rotation":[0,0,0],"scale":[1,1,1],"components":{}},"46b6151f-ca88-4473-9f1d-bccdaec25239":{"name":"mixamorig:RightHandRing1","tags":[],"enabled":true,"resource_id":"46b6151f-ca88-4473-9f1d-bccdaec25239","parent":"473f30d5-9d79-4c66-896d-3e220469db2f","children":["f30f2e3d-aba6-4098-925b-826fe49fedcd"],"position":[-12.147,0.0098909,-2.21663],"rotation":[0,0,0],"scale":[1,1,1],"components":{}},"f30f2e3d-aba6-4098-925b-826fe49fedcd":{"name":"mixamorig:RightHandRing2","tags":[],"enabled":true,"resource_id":"f30f2e3d-aba6-4098-925b-826fe49fedcd","parent":"46b6151f-ca88-4473-9f1d-bccdaec25239","children":["a15e6bd4-1fdd-4792-aa6c-720157b36ec9"],"position":[-3.60119,2.38565e-7,0.000034867],"rotation":[0,0,0],"scale":[1,1,1],"components":{}},"a15e6bd4-1fdd-4792-aa6c-720157b36ec9":{"name":"mixamorig:RightHandRing3","tags":[],"enabled":true,"resource_id":"a15e6bd4-1fdd-4792-aa6c-720157b36ec9","parent":"f30f2e3d-aba6-4098-925b-826fe49fedcd","children":["81d64a7f-21f5-4cfd-8d65-84fea2127bcb"],"position":[-3.30732,0.00000376018,-0.0000211146],"rotation":[0,0,0],"scale":[1,1,1],"components":{}},"81d64a7f-21f5-4cfd-8d65-84fea2127bcb":{"name":"mixamorig:RightHandRing4","tags":[],"enabled":true,"resource_id":"81d64a7f-21f5-4cfd-8d65-84fea2127bcb","parent":"a15e6bd4-1fdd-4792-aa6c-720157b36ec9","children":[],"position":[-3.66012,0.00000204685,6.71801e-7],"rotation":[0,0,0],"scale":[1,1,1],"components":{}},"8d771693-64fe-4047-b912-e8434972cd3e":{"name":"mixamorig:RightHandPinky1","tags":[],"enabled":true,"resource_id":"8d771693-64fe-4047-b912-e8434972cd3e","parent":"473f30d5-9d79-4c66-896d-3e220469db2f","children":["9ea65e67-e12f-4d89-b84d-3f74856ca857"],"position":[-10.9082,-0.226369,-4.72582],"rotation":[0,0,0],"scale":[1,1,1],"components":{}},"9ea65e67-e12f-4d89-b84d-3f74856ca857":{"name":"mixamorig:RightHandPinky2","tags":[],"enabled":true,"resource_id":"9ea65e67-e12f-4d89-b84d-3f74856ca857","parent":"8d771693-64fe-4047-b912-e8434972cd3e","children":["9b8df947-11cc-4e94-aa07-4c81b658c121"],"position":[-4.13665,4.31063e-7,0.0000256096],"rotation":[0,0,0],"scale":[1,1,1],"components":{}},"9b8df947-11cc-4e94-aa07-4c81b658c121":{"name":"mixamorig:RightHandPinky3","tags":[],"enabled":true,"resource_id":"9b8df947-11cc-4e94-aa07-4c81b658c121","parent":"9ea65e67-e12f-4d89-b84d-3f74856ca857","children":["b76f6a84-ebc4-4346-9f12-abec10ab2814"],"position":[-2.59484,-9.57149e-7,-0.0000366612],"rotation":[0,0,0],"scale":[1,1,1],"components":{}},"b76f6a84-ebc4-4346-9f12-abec10ab2814":{"name":"mixamorig:RightHandPinky4","tags":[],"enabled":true,"resource_id":"b76f6a84-ebc4-4346-9f12-abec10ab2814","parent":"9b8df947-11cc-4e94-aa07-4c81b658c121","children":[],"position":[-2.92387,6.41227e-7,0.0000186957],"rotation":[0,0,0],"scale":[1,1,1],"components":{}},"7a15bd1e-bfaa-4bc0-9df2-048c4949e0ff":{"name":"mixamorig:RightUpLeg","tags":[],"enabled":true,"resource_id":"7a15bd1e-bfaa-4bc0-9df2-048c4949e0ff","parent":"daaed911-1523-4116-a2e6-8a0d583eb61c","children":["2cb19ff4-2f2c-41ce-8119-bcea4a231c10"],"position":[-9.12445,-6.6564,-0.0553779],"rotation":[0,0,0],"scale":[1,1,1],"components":{}},"2cb19ff4-2f2c-41ce-8119-bcea4a231c10":{"name":"mixamorig:RightLeg","tags":[],"enabled":true,"resource_id":"2cb19ff4-2f2c-41ce-8119-bcea4a231c10","parent":"7a15bd1e-bfaa-4bc0-9df2-048c4949e0ff","children":["70db9564-0454-41f1-b516-c8787f512c23"],"position":[-0.24468,-40.5954,-0.514528],"rotation":[0,0,0],"scale":[1,1,1],"components":{}},"70db9564-0454-41f1-b516-c8787f512c23":{"name":"mixamorig:RightFoot","tags":[],"enabled":true,"resource_id":"70db9564-0454-41f1-b516-c8787f512c23","parent":"2cb19ff4-2f2c-41ce-8119-bcea4a231c10","children":["15ea7f78-19ba-45ed-afbc-026ed90da4f6"],"position":[0.244669,-42.0479,-2.06023],"rotation":[0,0,0],"scale":[1,1,1],"components":{}},"15ea7f78-19ba-45ed-afbc-026ed90da4f6":{"name":"mixamorig:RightToeBase","tags":[],"enabled":true,"resource_id":"15ea7f78-19ba-45ed-afbc-026ed90da4f6","parent":"70db9564-0454-41f1-b516-c8787f512c23","children":["dfc2a093-ba50-4343-8399-e9cb1a9a967b"],"position":[-0.37336,-10.4922,12.6407],"rotation":[0,0,0],"scale":[1,1,1],"components":{}},"dfc2a093-ba50-4343-8399-e9cb1a9a967b":{"name":"mixamorig:RightToe_End","tags":[],"enabled":true,"resource_id":"dfc2a093-ba50-4343-8399-e9cb1a9a967b","parent":"15ea7f78-19ba-45ed-afbc-026ed90da4f6","children":[],"position":[1.13474e-7,4.58774e-7,9.99252],"rotation":[0,0,0],"scale":[1,1,1],"components":{}},"12ed424b-186d-496a-a054-c59d4723100f":{"name":"mixamorig:LeftUpLeg","tags":[],"enabled":true,"resource_id":"12ed424b-186d-496a-a054-c59d4723100f","parent":"daaed911-1523-4116-a2e6-8a0d583eb61c","children":["539fb07d-0f4a-4acd-8f5f-089eef80e387"],"position":[9.12445,-6.6564,-0.0553779],"rotation":[0,0,0],"scale":[1,1,1],"components":{}},"539fb07d-0f4a-4acd-8f5f-089eef80e387":{"name":"mixamorig:LeftLeg","tags":[],"enabled":true,"resource_id":"539fb07d-0f4a-4acd-8f5f-089eef80e387","parent":"12ed424b-186d-496a-a054-c59d4723100f","children":["5c0863a2-4dc4-4542-868b-e56aa798aa18"],"position":[0.24468,-40.5954,-0.517041],"rotation":[0,0,0],"scale":[1,1,1],"components":{}},"5c0863a2-4dc4-4542-868b-e56aa798aa18":{"name":"mixamorig:LeftFoot","tags":[],"enabled":true,"resource_id":"5c0863a2-4dc4-4542-868b-e56aa798aa18","parent":"539fb07d-0f4a-4acd-8f5f-089eef80e387","children":["6fa2ef2b-d814-4b27-890c-d35c7de69c6b"],"position":[-0.24467,-42.048,-2.05764],"rotation":[0,0,0],"scale":[1,1,1],"components":{}},"6fa2ef2b-d814-4b27-890c-d35c7de69c6b":{"name":"mixamorig:LeftToeBase","tags":[],"enabled":true,"resource_id":"6fa2ef2b-d814-4b27-890c-d35c7de69c6b","parent":"5c0863a2-4dc4-4542-868b-e56aa798aa18","children":["811590a2-549c-4583-ad70-30a8b9e6ce07"],"position":[0.37336,-10.4922,12.6407],"rotation":[0,0,0],"scale":[1,1,1],"components":{}},"811590a2-549c-4583-ad70-30a8b9e6ce07":{"name":"mixamorig:LeftToe_End","tags":[],"enabled":true,"resource_id":"811590a2-549c-4583-ad70-30a8b9e6ce07","parent":"6fa2ef2b-d814-4b27-890c-d35c7de69c6b","children":[],"position":[-2.05366e-7,9.6341e-7,9.99252],"rotation":[0,0,0],"scale":[1,1,1],"components":{}},"4d957c67-2bcb-4c4f-817e-50d223670238":{"name":"Alpha_Surface","tags":[],"enabled":true,"resource_id":"4d957c67-2bcb-4c4f-817e-50d223670238","parent":"3965e3ae-b374-4897-b7c6-149b9677a0cf","children":[],"position":[0,0,0],"rotation":[0,0,0],"scale":[1,1,1],"components":{"render":{"enabled":true,"type":"asset","asset":94937700,"materialAssets":[94937697],"layers":[0],"batchGroupId":null,"castShadows":true,"castShadowsLightmap":true,"receiveShadows":true,"lightmapped":false,"lightmapSizeMultiplier":1,"castShadowsLightMap":true,"lightMapped":false,"lightMapSizeMultiplier":1,"isStatic":false,"rootBone":"daaed911-1523-4116-a2e6-8a0d583eb61c"}}},"2b15fc35-fdd1-4a74-ae60-6cb0863f172f":{"name":"Alpha_Joints","tags":[],"enabled":true,"resource_id":"2b15fc35-fdd1-4a74-ae60-6cb0863f172f","parent":"3965e3ae-b374-4897-b7c6-149b9677a0cf","children":[],"position":[0,0,0],"rotation":[0,0,0],"scale":[1,1,1],"components":{"render":{"enabled":true,"type":"asset","asset":94937682,"materialAssets":[94937693],"layers":[0],"batchGroupId":null,"castShadows":true,"castShadowsLightmap":true,"receiveShadows":true,"lightmapped":false,"lightmapSizeMultiplier":1,"castShadowsLightMap":true,"lightMapped":false,"lightMapSizeMultiplier":1,"isStatic":false,"rootBone":"daaed911-1523-4116-a2e6-8a0d583eb61c"}}},"7ca1bb0d-0e81-4d16-a1f4-1532f59a2b04":{"name":"Camera Axis","tags":[],"enabled":true,"resource_id":"7ca1bb0d-0e81-4d16-a1f4-1532f59a2b04","parent":"f6edb861-97c6-44d6-969c-7e8b5123ce3b","children":["77d35331-0529-4b04-99d4-2cc73c340592","72f48157-b90c-4cbd-8c2c-712bc6e0d3a6"],"position":[0,0.5223044157028198,0],"rotation":[0,0,0],"scale":[1,1,1],"components":{}},"77d35331-0529-4b04-99d4-2cc73c340592":{"name":"Camera","tags":[],"enabled":true,"resource_id":"77d35331-0529-4b04-99d4-2cc73c340592","parent":"7ca1bb0d-0e81-4d16-a1f4-1532f59a2b04","children":[],"position":[0,0,4.059459076816258],"rotation":[0,0,-2.670532062154507e-8],"scale":[1,1,1],"components":{"camera":{"enabled":true,"clearColorBuffer":true,"clearColor":[0,0,0,0],"clearDepthBuffer":true,"projection":0,"fov":45,"frustumCulling":true,"orthoHeight":100,"nearClip":0.3,"farClip":1000,"priority":0,"rect":[0,0,1,1],"layers":[0,1,2,3,4]},"script":{"enabled":true,"order":["cameraMovement"],"scripts":{"cameraMovement":{"enabled":true,"attributes":{"mouseSpeed":4}}}},"audiolistener":{"enabled":true}}},"72f48157-b90c-4cbd-8c2c-712bc6e0d3a6":{"name":"RaycastEndPoint","tags":[],"enabled":true,"resource_id":"72f48157-b90c-4cbd-8c2c-712bc6e0d3a6","parent":"7ca1bb0d-0e81-4d16-a1f4-1532f59a2b04","children":[],"position":[0,0,4.059728966647801],"rotation":[0,0,0],"scale":[1,1,1],"components":{}},"18dfa3a9-f639-4e80-83fb-3fab4e0b727c":{"name":"Augment Platform Prefab","tags":[],"enabled":false,"resource_id":"18dfa3a9-f639-4e80-83fb-3fab4e0b727c","parent":"82c58e64-5f17-42a2-9d82-7f02b2d27419","children":["d682eb10-16e7-4c95-a0e6-9fb2109b99d2","54c5fa89-8b37-4c18-b826-c7798b0f0688","1e9e54f1-e031-4be0-a770-23e6b1cbcff4","0c264703-db87-48da-a69e-9e70d4e3b626","167b785f-f2f7-4c31-a803-1c5610fbc025"],"position":[0,0,0],"rotation":[0,0,0],"scale":[1,1,1],"components":{}},"d682eb10-16e7-4c95-a0e6-9fb2109b99d2":{"name":"SunLight","tags":[],"enabled":true,"resource_id":"d682eb10-16e7-4c95-a0e6-9fb2109b99d2","parent":"18dfa3a9-f639-4e80-83fb-3fab4e0b727c","children":[],"position":[1.0134830474853516,0,-11.141457557678223],"rotation":[25.7861891096243,-45.99017411180466,-33.89041213316783],"scale":[1,1,1],"components":{"light":{"enabled":true,"type":"directional","bake":false,"bakeArea":0,"bakeNumSamples":1,"bakeDir":true,"affectDynamic":true,"affectLightmapped":false,"color":[0.5215686274509804,0.8196078431372549,1],"intensity":1,"castShadows":true,"shadowUpdateMode":2,"shadowType":0,"vsmBlurMode":1,"vsmBlurSize":11,"vsmBias":0.01,"shadowDistance":60,"shadowResolution":2048,"numCascades":1,"cascadeDistribution":0.5,"shadowBias":0.2,"normalOffsetBias":0.1,"range":8,"falloffMode":0,"innerConeAngle":40,"outerConeAngle":45,"shape":0,"cookieAsset":null,"cookieIntensity":1,"cookieFalloff":true,"cookieChannel":"rgb","cookieAngle":0,"cookieScale":[1,1],"cookieOffset":[0,0],"isStatic":false,"layers":[0]}}},"54c5fa89-8b37-4c18-b826-c7798b0f0688":{"name":"Grass","tags":[],"enabled":true,"resource_id":"54c5fa89-8b37-4c18-b826-c7798b0f0688","parent":"18dfa3a9-f639-4e80-83fb-3fab4e0b727c","children":[],"position":[0,-0.03308795109588081,0],"rotation":[0,0,0],"scale":[46.9,1,46.9],"components":{"render":{"enabled":true,"type":"plane","asset":null,"materialAssets":[94937696],"layers":[0],"batchGroupId":null,"castShadows":true,"castShadowsLightmap":true,"receiveShadows":true,"lightmapped":false,"lightmapSizeMultiplier":1,"castShadowsLightMap":true,"lightMapped":false,"lightMapSizeMultiplier":1,"isStatic":false,"rootBone":null}}},"1e9e54f1-e031-4be0-a770-23e6b1cbcff4":{"name":"Metal","tags":[],"enabled":true,"resource_id":"1e9e54f1-e031-4be0-a770-23e6b1cbcff4","parent":"18dfa3a9-f639-4e80-83fb-3fab4e0b727c","children":[],"position":[0,-0.5764901423473971,0],"rotation":[0,0,0],"scale":[60.97,1,60.97],"components":{"render":{"enabled":true,"type":"box","asset":null,"materialAssets":[94937685],"layers":[0],"batchGroupId":null,"castShadows":true,"castShadowsLightmap":true,"receiveShadows":true,"lightmapped":false,"lightmapSizeMultiplier":1,"castShadowsLightMap":true,"lightMapped":false,"lightMapSizeMultiplier":1,"isStatic":false,"rootBone":null}}},"0c264703-db87-48da-a69e-9e70d4e3b626":{"name":"Floor Collisions","tags":[],"enabled":true,"resource_id":"0c264703-db87-48da-a69e-9e70d4e3b626","parent":"18dfa3a9-f639-4e80-83fb-3fab4e0b727c","children":[],"position":[0,-0.5,0],"rotation":[0,0,0],"scale":[1,1,1],"components":{"collision":{"enabled":true,"type":"box","halfExtents":[30.485,0.5,30.485],"radius":0.5,"axis":1,"height":2,"asset":null,"renderAsset":null},"rigidbody":{"enabled":true,"type":"static","mass":1,"linearDamping":0,"angularDamping":0,"linearFactor":[1,1,1],"angularFactor":[1,1,1],"friction":0.5,"restitution":0.5}}},"167b785f-f2f7-4c31-a803-1c5610fbc025":{"name":"Bounds","tags":[],"enabled":false,"resource_id":"167b785f-f2f7-4c31-a803-1c5610fbc025","parent":"18dfa3a9-f639-4e80-83fb-3fab4e0b727c","children":["f5d75534-362e-4ebe-a85c-23e9a2cc3239","b081701e-c8c5-4d06-81d1-3e2cad8fba9c","c24c2ca9-c29f-4de9-aedf-0f3d156a8521","7de5b079-aee6-4970-a281-de504e28ee31"],"position":[0,0,0],"rotation":[0,0,0],"scale":[1,1,1],"components":{}},"f5d75534-362e-4ebe-a85c-23e9a2cc3239":{"name":"Wall Collisions","tags":["edge_bounds","nonraycast"],"enabled":true,"resource_id":"f5d75534-362e-4ebe-a85c-23e9a2cc3239","parent":"167b785f-f2f7-4c31-a803-1c5610fbc025","children":[],"position":[0,27.052335739135742,-31.21958158645085],"rotation":[-89.99999999999999,0,0],"scale":[60.97,1,60.97],"components":{"collision":{"enabled":true,"type":"box","halfExtents":[30.485,1,30.485],"radius":0.5,"axis":1,"height":2,"asset":null,"renderAsset":null},"rigidbody":{"enabled":true,"type":"static","mass":1,"linearDamping":0,"angularDamping":0,"linearFactor":[1,1,1],"angularFactor":[1,1,1],"friction":0.5,"restitution":0.5}}},"b081701e-c8c5-4d06-81d1-3e2cad8fba9c":{"name":"Wall Collisions","tags":["edge_bounds","nonraycast"],"enabled":true,"resource_id":"b081701e-c8c5-4d06-81d1-3e2cad8fba9c","parent":"167b785f-f2f7-4c31-a803-1c5610fbc025","children":[],"position":[-31.38442214676847,27.052335739135742,0.1885967254638672],"rotation":[-89.99999999999999,90,0],"scale":[60.97,1,60.97],"components":{"collision":{"enabled":true,"type":"box","halfExtents":[30.485,1,30.485],"radius":0.5,"axis":1,"height":2,"asset":null,"renderAsset":null},"rigidbody":{"enabled":true,"type":"static","mass":1,"linearDamping":0,"angularDamping":0,"linearFactor":[1,1,1],"angularFactor":[1,1,1],"friction":0.5,"restitution":0.5}}},"c24c2ca9-c29f-4de9-aedf-0f3d156a8521":{"name":"Wall Collisions","tags":["edge_bounds","nonraycast"],"enabled":true,"resource_id":"c24c2ca9-c29f-4de9-aedf-0f3d156a8521","parent":"167b785f-f2f7-4c31-a803-1c5610fbc025","children":[],"position":[0,27.052335739135742,31.017193261740083],"rotation":[-89.99999999999999,0,0],"scale":[60.97,1,60.97],"components":{"collision":{"enabled":true,"type":"box","halfExtents":[30.485,1,30.485],"radius":0.5,"axis":1,"height":2,"asset":null,"renderAsset":null},"rigidbody":{"enabled":true,"type":"static","mass":1,"linearDamping":0,"angularDamping":0,"linearFactor":[1,1,1],"angularFactor":[1,1,1],"friction":0.5,"restitution":0.5}}},"7de5b079-aee6-4970-a281-de504e28ee31":{"name":"Wall Collisions","tags":["edge_bounds","nonraycast"],"enabled":true,"resource_id":"7de5b079-aee6-4970-a281-de504e28ee31","parent":"167b785f-f2f7-4c31-a803-1c5610fbc025","children":[],"position":[31.01137137029145,27.052335739135742,0.1885967254638672],"rotation":[-89.99999999999999,90,0],"scale":[60.97,1,60.97],"components":{"collision":{"enabled":true,"type":"box","halfExtents":[30.485,1,30.485],"radius":0.5,"axis":1,"height":2,"asset":null,"renderAsset":null},"rigidbody":{"enabled":true,"type":"static","mass":1,"linearDamping":0,"angularDamping":0,"linearFactor":[1,1,1],"angularFactor":[1,1,1],"friction":0.5,"restitution":0.5}}},"6b3482e4-7c51-4ed7-bcaf-12a4684f9ad1":{"name":"VERSION: ALPHA 1.0.0","tags":[],"enabled":false,"resource_id":"6b3482e4-7c51-4ed7-bcaf-12a4684f9ad1","parent":"82c58e64-5f17-42a2-9d82-7f02b2d27419","children":[],"position":[0,0,0],"rotation":[0,0,0],"scale":[1,1,1],"components":{}}}},"type":"template","file":null,"path":[94937681],"task":null,"i18n":{},"branch_id":"5b06dcfc-c904-4364-ad01-234c1975b5df","_type":"http://sharejs.org/types/JSONv0","_v":1,"_m":{"ctime":1658764426224,"mtime":1659444358006},"_o":"62e91c86c423179db6d38a3f","id":"94937701"},"94937702":{"scope":{"type":"project","id":921014},"user_id":12,"source_asset_id":null,"tags":[],"name":"Player.glb","revision":1,"source":false,"preload":true,"meta":null,"data":{},"type":"container","file":{"hash":"73c15b27a235221e12b24c657252ea5f","size":2193140,"filename":"Player.glb"},"path":[94937681,96009075,94937684,94937691],"task":null,"i18n":{},"branch_id":"5b06dcfc-c904-4364-ad01-234c1975b5df","_type":"http://sharejs.org/types/JSONv0","_v":1,"_m":{"ctime":1658764426224,"mtime":1659443952434},"_o":"62e91af0c35e1082c004fe39","id":"94937702"},"94937703":{"scope":{"type":"project","id":921014},"user_id":12,"source_asset_id":null,"tags":[],"name":"Jog Forward Diagonal Left.glb","revision":1,"source":false,"preload":true,"meta":{"name":"mixamo.com","duration":0.8333333135},"data":null,"type":"animation","file":{"hash":"2aac1306e93651deeec4083e5718d95f","size":30012,"filename":"Jog Forward Diagonal Left.glb"},"path":[94937681,96009075,94937684,94937686],"task":null,"i18n":{},"branch_id":"5b06dcfc-c904-4364-ad01-234c1975b5df","_type":"http://sharejs.org/types/JSONv0","_v":1,"_m":{"ctime":1658764426224,"mtime":1659443952434},"_o":"62e91af0c35e100c8304fe3a","id":"94937703"},"94937704":{"scope":{"type":"project","id":921014},"user_id":12068,"source_asset_id":null,"source":false,"tags":[],"name":"CameraMovement.js","revision":1,"preload":true,"meta":null,"data":{"order":100,"scripts":{"cameraMovement":{"attributesOrder":["mouseSpeed"],"attributes":{"mouseSpeed":{"type":"number","default":1.4,"description":"Mouse Sensitivity"}}}},"loadingType":0,"loading":false},"type":"script","file":{"filename":"CameraMovement.js","size":2658,"hash":"d3e33fb01fca8fa78926ead4a24c24e8"},"path":[94937681,96009075,94937684,94937698],"task":null,"i18n":{},"branch_id":"5b06dcfc-c904-4364-ad01-234c1975b5df","_type":"http://sharejs.org/types/JSONv0","_v":1,"_m":{"ctime":1658764426224,"mtime":1659443952436},"_o":"62e91af0c35e10ecc804fe3f","id":"94937704"},"94937705":{"scope":{"type":"project","id":921014},"user_id":12,"source_asset_id":null,"tags":[],"name":"Jog Forward.glb","revision":1,"source":false,"preload":true,"meta":{"name":"mixamo.com","duration":0.8333333135},"data":null,"type":"animation","file":{"hash":"9f97926c652e6d1c4feaed10af282ea6","size":30636,"filename":"Jog Forward.glb"},"path":[94937681,96009075,94937684,94937686],"task":null,"i18n":{},"branch_id":"5b06dcfc-c904-4364-ad01-234c1975b5df","_type":"http://sharejs.org/types/JSONv0","_v":1,"_m":{"ctime":1658764426224,"mtime":1659443952431},"_o":"62e91af0c35e10256104fe32","id":"94937705"},"94937706":{"scope":{"type":"project","id":921014},"user_id":12,"source_asset_id":null,"tags":[],"name":"Jog Backward.glb","revision":1,"source":false,"preload":true,"meta":{"name":"mixamo.com","duration":0.8000000119},"data":null,"type":"animation","file":{"hash":"88fc6abd9c29cac1b311511b031abf1e","size":30012,"filename":"Jog Backward.glb"},"path":[94937681,96009075,94937684,94937686],"task":null,"i18n":{},"branch_id":"5b06dcfc-c904-4364-ad01-234c1975b5df","_type":"http://sharejs.org/types/JSONv0","_v":1,"_m":{"ctime":1658764426224,"mtime":1659443952439},"_o":"62e91af0c35e1034d904fe42","id":"94937706"},"96007440":{"branch_id":"5b06dcfc-c904-4364-ad01-234c1975b5df","scope":{"type":"project","id":921014},"user_id":262031,"source_asset_id":null,"source":false,"tags":[],"name":"_som_webBrowser.js","revision":1,"preload":true,"exclude":false,"meta":null,"data":{"scripts":{"_som_webBrowser":{"attributesOrder":["url"],"attributes":{"url":{"type":"string"}}}},"loading":false,"loadingType":0},"type":"script","file":{"filename":"_som_webBrowser.js","size":163,"hash":"15905058a83721d470d7bacbb66b95dc"},"path":[94937681,96009075],"task":null,"i18n":{},"_type":"http://sharejs.org/types/JSONv0","_v":1,"_m":{"ctime":1659443600130,"mtime":1659443952430},"_o":"62e91af0c35e1016af04fe2f","id":"96007440"},"96007636":{"scope":{"type":"project","id":921014},"user_id":262031,"source_asset_id":null,"source":false,"tags":[],"name":"WebBrowserPlaceholder","revision":1,"preload":true,"meta":null,"data":{"ambient":[0,0,0],"ambientTint":false,"aoMap":null,"aoMapChannel":"r","aoMapUv":0,"aoMapTiling":[1,1],"aoMapOffset":[0,0],"diffuse":[0,0,0],"diffuseMap":96007637,"diffuseMapChannel":"rgb","diffuseMapUv":0,"diffuseMapTiling":[1,1],"diffuseMapOffset":[0,0],"specular":[0,0,0],"specularMap":null,"specularMapChannel":"rgb","specularMapUv":0,"specularMapTiling":[1,1],"specularMapOffset":[0,0],"specularAntialias":true,"occludeSpecular":1,"useMetalness":false,"metalness":1,"metalnessMap":null,"metalnessMapChannel":"r","metalnessMapUv":0,"metalnessMapTiling":[1,1],"metalnessMapOffset":[0,0],"conserveEnergy":true,"shininess":32,"glossMap":null,"glossMapChannel":"r","glossMapUv":0,"glossMapTiling":[1,1],"glossMapOffset":[0,0],"fresnelModel":0,"emissive":[0,0,0],"emissiveMap":96007637,"emissiveMapChannel":"rgb","emissiveMapUv":0,"emissiveMapTiling":[1,1],"emissiveMapOffset":[0,0],"emissiveIntensity":1,"normalMap":null,"normalMapTiling":[1,1],"normalMapOffset":[0,0],"normalMapUv":0,"bumpMapFactor":1,"heightMap":null,"heightMapChannel":"r","heightMapUv":0,"heightMapTiling":[1,1],"heightMapOffset":[0,0],"heightMapFactor":1,"alphaToCoverage":false,"alphaTest":0,"opacity":1,"opacityMap":null,"opacityMapChannel":"r","opacityMapUv":0,"opacityMapTiling":[1,1],"opacityMapOffset":[0,0],"reflectivity":1,"refraction":0,"refractionIndex":0.6666666666666666,"sphereMap":null,"cubeMap":null,"cubeMapProjection":0,"cubeMapProjectionBox":{"center":[0,0,0],"halfExtents":[0.5,0.5,0.5]},"lightMap":null,"lightMapChannel":"rgb","lightMapUv":1,"lightMapTiling":[1,1],"lightMapOffset":[0,0],"depthTest":true,"depthWrite":true,"cull":0,"blendType":3,"shader":"blinn","useFog":true,"useLighting":true,"useSkybox":true,"useGammaTonemap":true,"aoMapVertexColor":false,"diffuseMapVertexColor":false,"emissiveMapVertexColor":false,"specularMapVertexColor":false,"metalnessMapVertexColor":false,"opacityMapVertexColor":false,"glossMapVertexColor":false,"lightMapVertexColor":false,"diffuseMapTint":false,"specularMapTint":false,"emissiveMapTint":false,"metalnessMapTint":false,"opacityFadesSpecular":true,"alphaFade":1,"clearCoat":0,"clearCoatMap":null,"clearCoatMapChannel":"r","clearCoatMapUv":0,"clearCoatMapTiling":[1,1],"clearCoatMapOffset":[0,0],"clearCoatVertexColor":false,"clearCoatVertexColorChannel":"r","clearCoatGlossiness":1,"clearCoatGlossMap":null,"clearCoatGlossMapChannel":"r","clearCoatGlossMapUv":0,"clearCoatGlossMapTiling":[1,1],"clearCoatGlossMapOffset":[0,0],"clearCoatGlossVertexColor":false,"clearCoatGlossVertexColorChannel":"r","clearCoatBumpiness":1,"clearCoatNormalMap":null,"clearCoatNormalMapUv":0,"clearCoatNormalMapTiling":[1,1],"clearCoatNormalMapOffset":[0,0],"specularityFactorMapOffset":[0,0],"specularityFactorMapTiling":[1,1]},"type":"material","file":null,"path":[94937681,96009075],"task":null,"i18n":{},"branch_id":"5b06dcfc-c904-4364-ad01-234c1975b5df","_type":"http://sharejs.org/types/JSONv0","_v":1,"_m":{"ctime":1659443783605,"mtime":1659444020485},"_o":"62e91b34551dd95c287c34ad","id":"96007636"},"96007637":{"scope":{"type":"project","id":921014},"user_id":262031,"source_asset_id":null,"source":false,"tags":[],"name":"WebBrowserPlaceholder","revision":1,"preload":true,"meta":{"compress":{"alpha":false,"normals":false,"dxt":false,"pvr":false,"pvrBpp":4,"etc1":false,"etc2":false,"basis":false,"quality":128,"compressionMode":"etc"},"format":"jpeg","type":"TrueColor","width":1024,"height":512,"alpha":false,"depth":8,"srgb":true,"interlaced":false},"data":{"addressu":"repeat","addressv":"repeat","minfilter":"linear_mip_linear","magfilter":"linear","anisotropy":1,"rgbm":false,"mipmaps":true},"type":"texture","file":{"filename":"WebBrowserPlaceholder.jpg","hash":"853a08f28733953e2303b70b6b331441","size":181062,"variants":{}},"path":[94937681,96009075],"task":null,"i18n":{},"has_thumbnail":true,"branch_id":"5b06dcfc-c904-4364-ad01-234c1975b5df","_type":"http://sharejs.org/types/JSONv0","_v":1,"_m":{"ctime":1659443783605,"mtime":1659443959591},"_o":"62e91af709ad5cf801028f29","id":"96007637"},"96009074":{"branch_id":"5b06dcfc-c904-4364-ad01-234c1975b5df","_type":"http://sharejs.org/types/JSONv0","_v":1,"_m":{"ctime":1659443926640,"mtime":1659443926640},"scope":{"type":"project","id":921014},"user_id":262031,"source_asset_id":null,"source":false,"tags":[],"name":"Web Browser Object","revision":1,"preload":true,"exclude":false,"meta":null,"data":{"entities":{"f23dd2e0-e4ed-46fc-9bb5-a401284e2757":{"name":"Web Browser Object","tags":[],"enabled":true,"resource_id":"f23dd2e0-e4ed-46fc-9bb5-a401284e2757","parent":null,"children":[],"position":[0,0,0],"rotation":[0,0,0],"scale":[1,1,1],"components":{"script":{"enabled":true,"order":["_som_webBrowser"],"scripts":{"_som_webBrowser":{"enabled":true,"attributes":{"url":""}}}}}}}},"type":"template","file":null,"path":[94937681],"task":null,"i18n":{},"id":"96009074"},"96009075":{"branch_id":"5b06dcfc-c904-4364-ad01-234c1975b5df","scope":{"type":"project","id":921014},"user_id":262031,"source_asset_id":null,"source":true,"tags":[],"name":"Assets","revision":1,"preload":false,"exclude":false,"meta":null,"data":null,"type":"folder","file":null,"path":[94937681],"task":null,"i18n":{},"_type":"http://sharejs.org/types/JSONv0","_v":1,"_m":{"ctime":1659443939915,"mtime":1659443945075},"_o":"62e91ae930550e3e171ee219","id":"96009075"}}