{"1405070":{"branch_id":"5b06dcfc-c904-4364-ad01-234c1975b5df","project_id":921014,"name":"Main Scene","created":"2022-04-30T19:09:57.707Z","settings":{"physics":{"gravity":[0,-9.8,0]},"render":{"lightmapFilterRange":10,"tonemapping":0,"ambientBakeOcclusionContrast":0,"skybox":null,"lightmapFilterSmoothness":0.2,"gamma_correction":1,"fog_start":1,"skyboxIntensity":1,"fog_color":[0,0,0],"lightmapMode":1,"ambientBakeSpherePart":0.4,"fog":"none","lightmapMaxResolution":2048,"skyboxMip":0,"lightmapSizeMultiplier":16,"fog_end":1000,"lightmapFilterEnabled":false,"ambientBake":false,"fog_density":0.01,"exposure":1,"global_ambient":[0.2,0.2,0.2],"ambientBakeNumSamples":1,"ambientBakeOcclusionBrightness":0,"skyboxRotation":[0,0,0]}},"scene":1405070,"entities":{"203e65d0-c8b9-11ec-8d9b-5a6d199352fc":{"position":[0,0,0],"scale":[1,1,1],"name":"Root","parent":null,"resource_id":"203e65d0-c8b9-11ec-8d9b-5a6d199352fc","components":{},"rotation":[0,0,0],"tags":[],"enabled":true,"children":["b1735e9c-7b55-4258-8f33-d1f2459528a2","6f7287dd-5190-4c40-b5dc-2234b4df66bc","73c9dccf-74fb-41f9-b80c-c82203459e3d","0b99e449-f55c-47d8-b2d3-6a5eaa6cae98","14dfc3b9-35fc-40cf-b8a9-0fd506a74969","0104b334-31f3-4876-bd1d-f4c4c064048b","15f1cd97-4545-4895-adf8-9b6b3adf6cc8"]},"6f7287dd-5190-4c40-b5dc-2234b4df66bc":{"name":"Point Light","tags":[],"enabled":true,"resource_id":"6f7287dd-5190-4c40-b5dc-2234b4df66bc","parent":"203e65d0-c8b9-11ec-8d9b-5a6d199352fc","children":[],"position":[0.7183924317359924,0.9209813475608826,0.8120488524436951],"rotation":[0,0,0],"scale":[1,1,1],"components":{"light":{"enabled":true,"type":"point","bake":false,"bakeArea":0,"bakeNumSamples":1,"bakeDir":true,"affectDynamic":true,"affectLightmapped":false,"color":[1,1,1],"intensity":1,"castShadows":false,"shadowUpdateMode":2,"shadowType":0,"vsmBlurMode":1,"vsmBlurSize":11,"vsmBias":0.01,"shadowDistance":16,"shadowResolution":256,"numCascades":1,"cascadeDistribution":0.5,"shadowBias":0.2,"normalOffsetBias":0.05,"range":8,"falloffMode":0,"innerConeAngle":40,"outerConeAngle":45,"shape":0,"cookieAsset":null,"cookieIntensity":1,"cookieFalloff":true,"cookieChannel":"rgb","cookieAngle":0,"cookieScale":[1,1],"cookieOffset":[0,0],"isStatic":false,"layers":[0]}}},"0b99e449-f55c-47d8-b2d3-6a5eaa6cae98":{"name":"Floor","tags":[],"enabled":true,"resource_id":"0b99e449-f55c-47d8-b2d3-6a5eaa6cae98","parent":"203e65d0-c8b9-11ec-8d9b-5a6d199352fc","children":[],"position":[0,0,0],"rotation":[0,0,0],"scale":[8.0593188662224,8.0593188662224,8.0593188662224],"components":{"render":{"enabled":true,"type":"plane","asset":null,"materialAssets":[null],"layers":[0],"batchGroupId":null,"castShadows":true,"castShadowsLightmap":true,"receiveShadows":true,"lightmapped":false,"lightmapSizeMultiplier":1,"castShadowsLightMap":true,"lightMapped":false,"lightMapSizeMultiplier":1,"isStatic":false,"rootBone":null},"collision":{"enabled":true,"type":"box","halfExtents":[4.092,0.087,4.081],"radius":0.5,"axis":1,"height":2,"asset":null,"renderAsset":null},"rigidbody":{"enabled":true,"type":"static","mass":1,"linearDamping":0,"angularDamping":0,"linearFactor":[1,1,1],"angularFactor":[1,1,1],"friction":0.5,"restitution":0.5}}},"73c9dccf-74fb-41f9-b80c-c82203459e3d":{"name":"Physics Ball","tags":[],"enabled":true,"resource_id":"73c9dccf-74fb-41f9-b80c-c82203459e3d","parent":"203e65d0-c8b9-11ec-8d9b-5a6d199352fc","children":[],"position":[0,2.9722840785980225,0],"rotation":[0,0,0],"scale":[1,1,1],"components":{"render":{"enabled":true,"type":"sphere","asset":null,"materialAssets":[null],"layers":[0],"batchGroupId":null,"castShadows":true,"castShadowsLightmap":true,"receiveShadows":true,"lightmapped":false,"lightmapSizeMultiplier":1,"castShadowsLightMap":true,"lightMapped":false,"lightMapSizeMultiplier":1,"isStatic":false,"rootBone":null},"collision":{"enabled":true,"type":"sphere","halfExtents":[0.5,0.5,0.5],"radius":0.5,"axis":1,"height":2,"asset":null,"renderAsset":null},"rigidbody":{"enabled":true,"type":"dynamic","mass":1,"linearDamping":0,"angularDamping":0,"linearFactor":[1,1,1],"angularFactor":[1,1,1],"friction":0.5,"restitution":0.5}}},"0104b334-31f3-4876-bd1d-f4c4c064048b":{"name":"Spawn Point","tags":["playerspawn"],"enabled":true,"resource_id":"0104b334-31f3-4876-bd1d-f4c4c064048b","parent":"203e65d0-c8b9-11ec-8d9b-5a6d199352fc","children":[],"position":[0,0.9008549451828003,-26.06706428527832],"rotation":[0,0,0],"scale":[1,1,1],"components":{}},"14dfc3b9-35fc-40cf-b8a9-0fd506a74969":{"name":"Walkway","tags":[],"enabled":true,"resource_id":"14dfc3b9-35fc-40cf-b8a9-0fd506a74969","parent":"203e65d0-c8b9-11ec-8d9b-5a6d199352fc","children":[],"position":[0,0,-16.346909977301703],"rotation":[0,0,0],"scale":[4.266023271232016,8.0593188662224,25.016259907102572],"components":{"render":{"enabled":true,"type":"plane","asset":null,"materialAssets":[null],"layers":[0],"batchGroupId":null,"castShadows":true,"castShadowsLightmap":true,"receiveShadows":true,"lightmapped":false,"lightmapSizeMultiplier":1,"castShadowsLightMap":true,"lightMapped":false,"lightMapSizeMultiplier":1,"isStatic":false,"rootBone":null},"collision":{"enabled":true,"type":"box","halfExtents":[2.278,0.087,12.6],"radius":0.5,"axis":1,"height":2,"asset":null,"renderAsset":null},"rigidbody":{"enabled":true,"type":"static","mass":1,"linearDamping":0,"angularDamping":0,"linearFactor":[1,1,1],"angularFactor":[1,1,1],"friction":0.5,"restitution":0.5}}},"b1735e9c-7b55-4258-8f33-d1f2459528a2":{"name":"Web World Prefab","tags":[],"enabled":true,"resource_id":"b1735e9c-7b55-4258-8f33-d1f2459528a2","parent":"203e65d0-c8b9-11ec-8d9b-5a6d199352fc","children":["87a49437-8a7e-4506-98ed-0c6196e14d5c","b17adb8b-6dfd-4fbc-95f6-62aebe5dda5e","5882a3f9-95f3-48c9-aac5-94ed21dee3a2"],"position":[0,0,0],"rotation":[0,0,0],"scale":[1,1,1],"components":{"script":{"enabled":true,"order":["somSim","_som_webWorld"],"scripts":{"somSim":{"enabled":true,"attributes":{}},"_som_webWorld":{"enabled":true,"attributes":{"type":0,"allowedParcels":[]}}}}},"template_ent_ids":{"b1735e9c-7b55-4258-8f33-d1f2459528a2":"82c58e64-5f17-42a2-9d82-7f02b2d27419","b17adb8b-6dfd-4fbc-95f6-62aebe5dda5e":"f6edb861-97c6-44d6-969c-7e8b5123ce3b","4d3b9b3d-970d-4916-b000-e59931499880":"3965e3ae-b374-4897-b7c6-149b9677a0cf","3c83fe3b-c90b-49dd-8d26-f29a23bad7d8":"daaed911-1523-4116-a2e6-8a0d583eb61c","ab71b583-48b5-4be3-aa3b-0dc9649f2ba7":"626e5491-ab44-4c3e-8f61-6f3bf9ef8d90","c6372b45-048f-414c-b251-dbd7aeaa05a1":"0cec6a82-0349-4878-9d91-bad541f9e97b","8e8cfd3d-529c-4d8e-9644-794f3cb5df64":"7d4e38e7-1f7c-424f-b722-7417c3c6d22a","ac55f44a-402b-4296-ad38-59c52df3f2e8":"de3547bf-fefd-4ea5-9adf-85b280ac380c","187f5258-2264-417c-a9dd-cc51bdde7993":"b94211fd-7194-4699-9e23-04f208d25779","f8a26566-c8a4-45c5-bad5-03a8656b2fe1":"3733d0b3-3729-440e-8e90-bb24cce0079c","87e17ea4-e3b1-4a25-8b06-259677556cce":"d546a051-9793-4b76-ade3-7d29659718e8","a2cdd5f2-2f22-40ba-a2d5-26c7e060bef8":"82fc07b6-6af4-45c4-b87e-be739b55b883","915dcbb7-34ce-4a3d-a047-333e1fd3baaf":"7d86e1f2-4119-4f8f-b727-1e6aa54d0258","49be82e6-7afe-48dc-8b4e-b2fd5a1ef89c":"9946c697-deb7-4fa1-9be0-6fb1ba897ff5","60584d1c-cf46-4e11-9b93-754ca606f90d":"4cf76bb5-28f6-41b3-b53c-cb7a685df4d3","d86b090e-17fa-4880-944d-de66f8ce41c4":"6d39fb4a-7a96-462f-b536-78057415cbba","e00534e0-685b-4e0c-9ca0-1d2913b0fdf7":"c516aa88-057d-40e4-9b6e-01f83d070fc1","f5e8b622-bdf6-4446-a64e-5dc2c7361ac8":"211a8e2e-1994-44e1-a217-a941e6d01bf8","d8ba3035-4a17-41c5-af20-f3063265c119":"d2307e35-e0ed-4344-8cf8-83066cf751db","60458b59-42d5-444d-9ae8-c6932309574d":"fea62f00-7f2e-49a7-b00c-e0705cd877ca","b9028358-3af1-4f68-947c-0c811ae8073c":"5ff27874-3461-431c-9114-d7c484fe5272","6d765a4c-f705-4f51-8197-c523c0517715":"4eb067d0-edc8-485b-9889-adee7867e23c","8fbdb9c4-c4fc-44f2-a9bc-ea6bd1a1b953":"8696f10e-629f-4456-be21-8a31100b090a","8567eaaf-addf-41a2-8f88-f184c11abf3a":"2613b4b3-6c35-4d5b-8ffd-277915417a04","77df4b82-f81d-4804-9053-391e35a7c90a":"3bbf4f2c-af3a-4dda-888e-23b025be313a","17b9937b-705b-4693-b93a-817550be2e78":"b31d13cc-8977-4301-8f57-57764736ffdb","00b778ba-6982-4573-ac53-bbcb46a1798b":"e37cd267-826d-4b84-8231-aeed3e42a4bd","44f3e9c6-d9ec-4687-a351-dabda3f9aa7f":"1611d711-22c0-43e4-ae91-9c0fa42f9135","a7044c1f-acca-4661-a847-ce68d32992ff":"77d6c6a1-7d5a-4c1c-ab55-f05b60f95287","2645fe1e-c474-4bc4-ba9b-831c243eb95a":"b4963896-4331-45d7-a939-51f71aaa4efc","47935a35-96ab-481c-9b14-36f7998a8b15":"144ef5e9-dcb4-4d48-a9d3-735d06273675","3ee76e8d-dc69-40f4-85f6-fa90a398b75a":"d498b9d9-35e5-4905-a621-db277dc1c6e5","1b31debe-d237-4f4c-a958-0fae6cc69a12":"28e284f5-5e6e-4962-b506-d43218ad79f3","866bf402-a159-4189-91ba-0dbea938219f":"ec30ced1-629f-4c06-82c8-2c1ca0ba99d1","6d6dda0f-4919-47f6-80b6-52b7edb94994":"a6af6296-102b-4aec-9cc9-e95e6c5a0e21","25034739-f72f-46bf-86cd-ead44ddfe640":"a438ce2c-d043-4639-9e74-5e64f8a504e8","4146a392-712a-4075-adf1-ac563bd6a2d4":"6b2d228d-46c8-41ca-bdbb-d1ac301ff446","c072894d-dc1e-4967-8910-1c68a881fdab":"c5bfbc4a-7e0f-4fd2-8efa-c79464644ca4","7db009fc-6753-435e-ba77-2999609d6759":"90abe832-6c03-434b-af42-9db996b8c3ec","1dc66e2b-e882-4b64-8f02-87f8a106b1b0":"473f30d5-9d79-4c66-896d-3e220469db2f","91a7b769-450d-485c-a60c-d01fac023849":"a316198c-a7fb-46f7-ae68-75a20aa98618","11bfb337-4c6a-4816-be17-da4c329d9583":"add490fe-cb74-4d45-819f-8459218d20b3","724c7a5d-0c69-4638-aa75-813fc401a5e5":"868c3fda-d8b9-4d1b-8696-d4726cb7dcaa","dbc7bba4-88de-46f4-bc02-0d3df4029045":"9898e286-b029-4729-bb62-f076bc49cc9b","3f86395f-95ff-4de9-b050-d698c254441a":"46e32fdd-9a5d-4d36-a16c-47d41e8a7455","0499a781-df37-4b81-a9e9-dab92c6ec416":"0da45216-b11a-43d5-ac6f-3f2d52320fcd","677a325f-9702-4a3e-ac54-69311a02adbe":"ec5774de-4f90-4c9e-8137-5325954f9318","fd26673a-722e-4909-8ceb-b7e087619e60":"13e3674f-2b07-4eab-93d7-739b9bb50e01","a7995ffc-d43d-4e24-aa29-c5cbe28791e6":"535d08dd-0ffd-4c14-b832-e7c3e9ecd185","4f2b2130-580a-4638-aea3-080c75a541f8":"ca92c507-f3a5-4679-b7d0-69b987a62df5","bf58c8a6-a462-429f-84f1-736237ca8d12":"c5aae95e-5d48-4108-86a5-cd0dc35e4912","30483df6-88c5-4dba-bc85-c429a4cc1285":"6ed1ec8f-96a9-4974-9b96-55ccbfe55c78","67defada-3c2f-43ad-b6e9-f72cc067041d":"46b6151f-ca88-4473-9f1d-bccdaec25239","6c3f9412-428c-42e5-b6c4-30b0a7a9cccd":"f30f2e3d-aba6-4098-925b-826fe49fedcd","792add13-3193-4ad0-9567-1c9dedde98b0":"a15e6bd4-1fdd-4792-aa6c-720157b36ec9","d07b0b00-8c00-467d-a205-aef979fdd745":"81d64a7f-21f5-4cfd-8d65-84fea2127bcb","33657b05-b863-46a2-b69f-321753f9b4f3":"8d771693-64fe-4047-b912-e8434972cd3e","2517eec0-aa48-4401-b060-38b34dba8f26":"9ea65e67-e12f-4d89-b84d-3f74856ca857","fa926e3c-8b9d-463e-a528-bd2b6f542113":"9b8df947-11cc-4e94-aa07-4c81b658c121","dd1f4962-832f-4f63-9bfd-cee14a5bc226":"b76f6a84-ebc4-4346-9f12-abec10ab2814","184eaec3-2b6a-440a-83fb-54b7fb7d61b8":"7a15bd1e-bfaa-4bc0-9df2-048c4949e0ff","a86e6e4c-f7ce-4c24-92b1-5364b9c54548":"2cb19ff4-2f2c-41ce-8119-bcea4a231c10","ecb60058-8179-4a03-a936-5d09af958cda":"70db9564-0454-41f1-b516-c8787f512c23","b23f03e0-f5d4-4feb-b2a9-7353ff5f572d":"15ea7f78-19ba-45ed-afbc-026ed90da4f6","4292a964-d6a9-4751-b893-6b51eca74924":"dfc2a093-ba50-4343-8399-e9cb1a9a967b","39e44ea4-d6f1-47d6-94d9-c92de6b0a6da":"12ed424b-186d-496a-a054-c59d4723100f","58dd3df2-2c0d-4bf4-9b55-2159329e474d":"539fb07d-0f4a-4acd-8f5f-089eef80e387","3daca981-076b-4095-b961-69113db56af8":"5c0863a2-4dc4-4542-868b-e56aa798aa18","1be6ed24-cd1f-4d09-8aa7-af7fd8916303":"6fa2ef2b-d814-4b27-890c-d35c7de69c6b","fd131648-da3b-44fa-b32e-0f89892cba3f":"811590a2-549c-4583-ad70-30a8b9e6ce07","ab605c9f-6288-46e0-8fa8-8d8fabea7f2b":"4d957c67-2bcb-4c4f-817e-50d223670238","0e26ae50-e338-4af3-8cf4-469c8045aefa":"2b15fc35-fdd1-4a74-ae60-6cb0863f172f","e1f93209-1c07-4c41-9412-b7818111efbe":"7ca1bb0d-0e81-4d16-a1f4-1532f59a2b04","5853b4d0-3176-457e-b480-30f4f73ac901":"77d35331-0529-4b04-99d4-2cc73c340592","7edd0fe7-3441-44a8-8b85-fa47e4603f9f":"72f48157-b90c-4cbd-8c2c-712bc6e0d3a6","5882a3f9-95f3-48c9-aac5-94ed21dee3a2":"18dfa3a9-f639-4e80-83fb-3fab4e0b727c","b6ddd714-8513-444b-8032-ace44771d9ad":"d682eb10-16e7-4c95-a0e6-9fb2109b99d2","d4996847-9121-4c78-bb14-31e9e1a5cf01":"54c5fa89-8b37-4c18-b826-c7798b0f0688","d40d298a-03d4-4008-9293-387772498495":"1e9e54f1-e031-4be0-a770-23e6b1cbcff4","c31485d6-1032-4040-8b32-5cbc5fd0542d":"0c264703-db87-48da-a69e-9e70d4e3b626","23c0c256-8615-4a2c-ab6b-45e805af6d63":"167b785f-f2f7-4c31-a803-1c5610fbc025","07813c42-47fe-4388-8e39-e944b9089452":"f5d75534-362e-4ebe-a85c-23e9a2cc3239","9eba73b1-9ccd-44fd-a8bb-49ba49676366":"b081701e-c8c5-4d06-81d1-3e2cad8fba9c","41c52c1e-16ab-4170-90b1-fdd7eae2c6ee":"c24c2ca9-c29f-4de9-aedf-0f3d156a8521","b83bddd2-64cf-4aee-9a8e-43ece2912139":"7de5b079-aee6-4970-a281-de504e28ee31","87a49437-8a7e-4506-98ed-0c6196e14d5c":"6b3482e4-7c51-4ed7-bcaf-12a4684f9ad1"},"template_id":94937701},"b17adb8b-6dfd-4fbc-95f6-62aebe5dda5e":{"name":"LocalPlayerSimulator","tags":[],"enabled":false,"resource_id":"b17adb8b-6dfd-4fbc-95f6-62aebe5dda5e","parent":"b1735e9c-7b55-4258-8f33-d1f2459528a2","children":["4d3b9b3d-970d-4916-b000-e59931499880","e1f93209-1c07-4c41-9412-b7818111efbe"],"position":[0,0.9783530720434193,0],"rotation":[0,0,0],"scale":[1,1,1],"components":{"collision":{"enabled":true,"type":"capsule","halfExtents":[0.5,0.5,0.5],"radius":0.35,"axis":1,"height":1.84,"asset":null,"renderAsset":null},"rigidbody":{"enabled":true,"type":"dynamic","mass":50,"linearDamping":0.99,"angularDamping":1,"linearFactor":[1,1,1],"angularFactor":[0,0,0],"friction":0.75,"restitution":0.5},"script":{"enabled":true,"order":["playerMovement"],"scripts":{"playerMovement":{"enabled":true,"attributes":{"speed":0.07}}}},"anim":{"stateGraphAsset":94937694,"animationAssets":{"Base:Idle":{"asset":94937699},"Base:Forward":{"asset":94937705},"Base:Back":{"asset":94937706},"Base:Left":{"asset":94937683},"Base:Right":{"asset":94937695},"Base:Forward Left":{"asset":94937703},"Base:Forward Right":{"asset":94937689},"Base:Back Right":{"asset":94937687},"Base:Back Left":{"asset":94937692}},"enabled":true,"speed":1,"activate":true,"playing":false,"rootBone":"4d3b9b3d-970d-4916-b000-e59931499880","masks":{},"normalizeWeights":true}}},"4d3b9b3d-970d-4916-b000-e59931499880":{"name":"Model","tags":[],"enabled":true,"resource_id":"4d3b9b3d-970d-4916-b000-e59931499880","parent":"b17adb8b-6dfd-4fbc-95f6-62aebe5dda5e","children":["3c83fe3b-c90b-49dd-8d26-f29a23bad7d8","ab605c9f-6288-46e0-8fa8-8d8fabea7f2b","0e26ae50-e338-4af3-8cf4-469c8045aefa"],"position":[0,-0.9319999814033508,0],"rotation":[0,180,0],"scale":[0.01,0.01,0.01],"components":{}},"3c83fe3b-c90b-49dd-8d26-f29a23bad7d8":{"name":"mixamorig:Hips","tags":[],"enabled":true,"resource_id":"3c83fe3b-c90b-49dd-8d26-f29a23bad7d8","parent":"4d3b9b3d-970d-4916-b000-e59931499880","children":["ab71b583-48b5-4be3-aa3b-0dc9649f2ba7","184eaec3-2b6a-440a-83fb-54b7fb7d61b8","39e44ea4-d6f1-47d6-94d9-c92de6b0a6da"],"position":[0,99.6721,0.247052],"rotation":[0,0,0],"scale":[1,1,1],"components":{}},"ab71b583-48b5-4be3-aa3b-0dc9649f2ba7":{"name":"mixamorig:Spine","tags":[],"enabled":true,"resource_id":"ab71b583-48b5-4be3-aa3b-0dc9649f2ba7","parent":"3c83fe3b-c90b-49dd-8d26-f29a23bad7d8","children":["c6372b45-048f-414c-b251-dbd7aeaa05a1"],"position":[5.64832e-7,9.92346,-1.22733],"rotation":[0,0,0],"scale":[1,1,1],"components":{}},"c6372b45-048f-414c-b251-dbd7aeaa05a1":{"name":"mixamorig:Spine1","tags":[],"enabled":true,"resource_id":"c6372b45-048f-414c-b251-dbd7aeaa05a1","parent":"ab71b583-48b5-4be3-aa3b-0dc9649f2ba7","children":["8e8cfd3d-529c-4d8e-9644-794f3cb5df64"],"position":[-0.000138865,11.6454,-1.42234],"rotation":[0,0,0],"scale":[1,1,1],"components":{}},"8e8cfd3d-529c-4d8e-9644-794f3cb5df64":{"name":"mixamorig:Spine2","tags":[],"enabled":true,"resource_id":"8e8cfd3d-529c-4d8e-9644-794f3cb5df64","parent":"c6372b45-048f-414c-b251-dbd7aeaa05a1","children":["ac55f44a-402b-4296-ad38-59c52df3f2e8","915dcbb7-34ce-4a3d-a047-333e1fd3baaf","4146a392-712a-4075-adf1-ac563bd6a2d4"],"position":[0.0000914407,13.3602,-1.62646],"rotation":[0,0,0],"scale":[1,1,1],"components":{}},"ac55f44a-402b-4296-ad38-59c52df3f2e8":{"name":"mixamorig:Neck","tags":[],"enabled":true,"resource_id":"ac55f44a-402b-4296-ad38-59c52df3f2e8","parent":"8e8cfd3d-529c-4d8e-9644-794f3cb5df64","children":["187f5258-2264-417c-a9dd-cc51bdde7993"],"position":[0.0000252021,15.0325,0.792905],"rotation":[0,0,0],"scale":[1,1,1],"components":{}},"187f5258-2264-417c-a9dd-cc51bdde7993":{"name":"mixamorig:Head","tags":[],"enabled":true,"resource_id":"187f5258-2264-417c-a9dd-cc51bdde7993","parent":"ac55f44a-402b-4296-ad38-59c52df3f2e8","children":["f8a26566-c8a4-45c5-bad5-03a8656b2fe1","87e17ea4-e3b1-4a25-8b06-259677556cce","a2cdd5f2-2f22-40ba-a2d5-26c7e060bef8"],"position":[0.00000237075,10.3218,3.14243],"rotation":[0,0,0],"scale":[1,1,1],"components":{}},"f8a26566-c8a4-45c5-bad5-03a8656b2fe1":{"name":"mixamorig:HeadTop_End","tags":[],"enabled":true,"resource_id":"f8a26566-c8a4-45c5-bad5-03a8656b2fe1","parent":"187f5258-2264-417c-a9dd-cc51bdde7993","children":[],"position":[0.000154173,18.4747,6.6364],"rotation":[0,0,0],"scale":[1,1,1],"components":{}},"87e17ea4-e3b1-4a25-8b06-259677556cce":{"name":"mixamorig:LeftEye","tags":[],"enabled":true,"resource_id":"87e17ea4-e3b1-4a25-8b06-259677556cce","parent":"187f5258-2264-417c-a9dd-cc51bdde7993","children":[],"position":[2.94792,7.68175,9.12073],"rotation":[0,0,0],"scale":[1,1,1],"components":{}},"a2cdd5f2-2f22-40ba-a2d5-26c7e060bef8":{"name":"mixamorig:RightEye","tags":[],"enabled":true,"resource_id":"a2cdd5f2-2f22-40ba-a2d5-26c7e060bef8","parent":"187f5258-2264-417c-a9dd-cc51bdde7993","children":[],"position":[-2.94448,7.68175,9.1205],"rotation":[0,0,0],"scale":[1,1,1],"components":{}},"915dcbb7-34ce-4a3d-a047-333e1fd3baaf":{"name":"mixamorig:LeftShoulder","tags":[],"enabled":true,"resource_id":"915dcbb7-34ce-4a3d-a047-333e1fd3baaf","parent":"8e8cfd3d-529c-4d8e-9644-794f3cb5df64","children":["49be82e6-7afe-48dc-8b4e-b2fd5a1ef89c"],"position":[6.10582,9.11042,0.705551],"rotation":[0,0,0],"scale":[1,1,1],"components":{}},"49be82e6-7afe-48dc-8b4e-b2fd5a1ef89c":{"name":"mixamorig:LeftArm","tags":[],"enabled":true,"resource_id":"49be82e6-7afe-48dc-8b4e-b2fd5a1ef89c","parent":"915dcbb7-34ce-4a3d-a047-333e1fd3baaf","children":["60584d1c-cf46-4e11-9b93-754ca606f90d"],"position":[12.655,-0.265934,-2.60092],"rotation":[0,0,0],"scale":[1,1,1],"components":{}},"60584d1c-cf46-4e11-9b93-754ca606f90d":{"name":"mixamorig:LeftForeArm","tags":[],"enabled":true,"resource_id":"60584d1c-cf46-4e11-9b93-754ca606f90d","parent":"49be82e6-7afe-48dc-8b4e-b2fd5a1ef89c","children":["d86b090e-17fa-4880-944d-de66f8ce41c4"],"position":[27.4047,0.0000391267,0.00000658811],"rotation":[0,0,0],"scale":[1,1,1],"components":{}},"d86b090e-17fa-4880-944d-de66f8ce41c4":{"name":"mixamorig:LeftHand","tags":[],"enabled":true,"resource_id":"d86b090e-17fa-4880-944d-de66f8ce41c4","parent":"60584d1c-cf46-4e11-9b93-754ca606f90d","children":["e00534e0-685b-4e0c-9ca0-1d2913b0fdf7","b9028358-3af1-4f68-947c-0c811ae8073c","77df4b82-f81d-4804-9053-391e35a7c90a","a7044c1f-acca-4661-a847-ce68d32992ff","1b31debe-d237-4f4c-a958-0fae6cc69a12"],"position":[27.6145,0.0000289518,0.0000196466],"rotation":[0,0,0],"scale":[1,1,1],"components":{}},"e00534e0-685b-4e0c-9ca0-1d2913b0fdf7":{"name":"mixamorig:LeftHandMiddle1","tags":[],"enabled":true,"resource_id":"e00534e0-685b-4e0c-9ca0-1d2913b0fdf7","parent":"d86b090e-17fa-4880-944d-de66f8ce41c4","children":["f5e8b622-bdf6-4446-a64e-5dc2c7361ac8"],"position":[12.7755,0.000013342,0.0000204185],"rotation":[0,0,0],"scale":[1,1,1],"components":{}},"f5e8b622-bdf6-4446-a64e-5dc2c7361ac8":{"name":"mixamorig:LeftHandMiddle2","tags":[],"enabled":true,"resource_id":"f5e8b622-bdf6-4446-a64e-5dc2c7361ac8","parent":"e00534e0-685b-4e0c-9ca0-1d2913b0fdf7","children":["d8ba3035-4a17-41c5-af20-f3063265c119"],"position":[3.61397,0.00000266014,0.00000246236],"rotation":[0,0,0],"scale":[1,1,1],"components":{}},"d8ba3035-4a17-41c5-af20-f3063265c119":{"name":"mixamorig:LeftHandMiddle3","tags":[],"enabled":true,"resource_id":"d8ba3035-4a17-41c5-af20-f3063265c119","parent":"f5e8b622-bdf6-4446-a64e-5dc2c7361ac8","children":["60458b59-42d5-444d-9ae8-c6932309574d"],"position":[3.45976,5.43247e-7,-0.0000264197],"rotation":[0,0,0],"scale":[1,1,1],"components":{}},"60458b59-42d5-444d-9ae8-c6932309574d":{"name":"mixamorig:LeftHandMiddle4","tags":[],"enabled":true,"resource_id":"60458b59-42d5-444d-9ae8-c6932309574d","parent":"d8ba3035-4a17-41c5-af20-f3063265c119","children":[],"position":[3.68019,-8.55934e-8,0.0000327692],"rotation":[0,0,0],"scale":[1,1,1],"components":{}},"b9028358-3af1-4f68-947c-0c811ae8073c":{"name":"mixamorig:LeftHandThumb1","tags":[],"enabled":true,"resource_id":"b9028358-3af1-4f68-947c-0c811ae8073c","parent":"d86b090e-17fa-4880-944d-de66f8ce41c4","children":["6d765a4c-f705-4f51-8197-c523c0517715"],"position":[3.78881,-2.167,3.00309],"rotation":[0,0,0],"scale":[1,1,1],"components":{}},"6d765a4c-f705-4f51-8197-c523c0517715":{"name":"mixamorig:LeftHandThumb2","tags":[],"enabled":true,"resource_id":"6d765a4c-f705-4f51-8197-c523c0517715","parent":"b9028358-3af1-4f68-947c-0c811ae8073c","children":["8fbdb9c4-c4fc-44f2-a9bc-ea6bd1a1b953"],"position":[3.67544,-2.12201,2.12201],"rotation":[0,0,0],"scale":[1,1,1],"components":{}},"8fbdb9c4-c4fc-44f2-a9bc-ea6bd1a1b953":{"name":"mixamorig:LeftHandThumb3","tags":[],"enabled":true,"resource_id":"8fbdb9c4-c4fc-44f2-a9bc-ea6bd1a1b953","parent":"6d765a4c-f705-4f51-8197-c523c0517715","children":["8567eaaf-addf-41a2-8f88-f184c11abf3a"],"position":[3.39436,-1.95974,1.95979],"rotation":[0,0,0],"scale":[1,1,1],"components":{}},"8567eaaf-addf-41a2-8f88-f184c11abf3a":{"name":"mixamorig:LeftHandThumb4","tags":[],"enabled":true,"resource_id":"8567eaaf-addf-41a2-8f88-f184c11abf3a","parent":"8fbdb9c4-c4fc-44f2-a9bc-ea6bd1a1b953","children":[],"position":[2.6794,-1.54694,1.54692],"rotation":[0,0,0],"scale":[1,1,1],"components":{}},"77df4b82-f81d-4804-9053-391e35a7c90a":{"name":"mixamorig:LeftHandIndex1","tags":[],"enabled":true,"resource_id":"77df4b82-f81d-4804-9053-391e35a7c90a","parent":"d86b090e-17fa-4880-944d-de66f8ce41c4","children":["17b9937b-705b-4693-b93a-817550be2e78"],"position":[12.2666,-0.231669,2.82206],"rotation":[0,0,0],"scale":[1,1,1],"components":{}},"17b9937b-705b-4693-b93a-817550be2e78":{"name":"mixamorig:LeftHandIndex2","tags":[],"enabled":true,"resource_id":"17b9937b-705b-4693-b93a-817550be2e78","parent":"77df4b82-f81d-4804-9053-391e35a7c90a","children":["00b778ba-6982-4573-ac53-bbcb46a1798b"],"position":[3.89197,0.00000168687,0.0000387215],"rotation":[0,0,0],"scale":[1,1,1],"components":{}},"00b778ba-6982-4573-ac53-bbcb46a1798b":{"name":"mixamorig:LeftHandIndex3","tags":[],"enabled":true,"resource_id":"00b778ba-6982-4573-ac53-bbcb46a1798b","parent":"17b9937b-705b-4693-b93a-817550be2e78","children":["44f3e9c6-d9ec-4687-a351-dabda3f9aa7f"],"position":[3.41516,5.74911e-7,-0.00000877053],"rotation":[0,0,0],"scale":[1,1,1],"components":{}},"44f3e9c6-d9ec-4687-a351-dabda3f9aa7f":{"name":"mixamorig:LeftHandIndex4","tags":[],"enabled":true,"resource_id":"44f3e9c6-d9ec-4687-a351-dabda3f9aa7f","parent":"00b778ba-6982-4573-ac53-bbcb46a1798b","children":[],"position":[3.07799,7.92692e-8,-0.00000856039],"rotation":[0,0,0],"scale":[1,1,1],"components":{}},"a7044c1f-acca-4661-a847-ce68d32992ff":{"name":"mixamorig:LeftHandRing1","tags":[],"enabled":true,"resource_id":"a7044c1f-acca-4661-a847-ce68d32992ff","parent":"d86b090e-17fa-4880-944d-de66f8ce41c4","children":["2645fe1e-c474-4bc4-ba9b-831c243eb95a"],"position":[12.147,0.00989498,-2.21663],"rotation":[0,0,0],"scale":[1,1,1],"components":{}},"2645fe1e-c474-4bc4-ba9b-831c243eb95a":{"name":"mixamorig:LeftHandRing2","tags":[],"enabled":true,"resource_id":"2645fe1e-c474-4bc4-ba9b-831c243eb95a","parent":"a7044c1f-acca-4661-a847-ce68d32992ff","children":["47935a35-96ab-481c-9b14-36f7998a8b15"],"position":[3.60119,0.00000151294,0.0000351122],"rotation":[0,0,0],"scale":[1,1,1],"components":{}},"47935a35-96ab-481c-9b14-36f7998a8b15":{"name":"mixamorig:LeftHandRing3","tags":[],"enabled":true,"resource_id":"47935a35-96ab-481c-9b14-36f7998a8b15","parent":"2645fe1e-c474-4bc4-ba9b-831c243eb95a","children":["3ee76e8d-dc69-40f4-85f6-fa90a398b75a"],"position":[3.30732,0.00000453174,-0.0000208933],"rotation":[0,0,0],"scale":[1,1,1],"components":{}},"3ee76e8d-dc69-40f4-85f6-fa90a398b75a":{"name":"mixamorig:LeftHandRing4","tags":[],"enabled":true,"resource_id":"3ee76e8d-dc69-40f4-85f6-fa90a398b75a","parent":"47935a35-96ab-481c-9b14-36f7998a8b15","children":[],"position":[3.66012,0.00000290611,4.54771e-8],"rotation":[0,0,0],"scale":[1,1,1],"components":{}},"1b31debe-d237-4f4c-a958-0fae6cc69a12":{"name":"mixamorig:LeftHandPinky1","tags":[],"enabled":true,"resource_id":"1b31debe-d237-4f4c-a958-0fae6cc69a12","parent":"d86b090e-17fa-4880-944d-de66f8ce41c4","children":["866bf402-a159-4189-91ba-0dbea938219f"],"position":[10.9082,-0.226365,-4.72582],"rotation":[0,0,0],"scale":[1,1,1],"components":{}},"866bf402-a159-4189-91ba-0dbea938219f":{"name":"mixamorig:LeftHandPinky2","tags":[],"enabled":true,"resource_id":"866bf402-a159-4189-91ba-0dbea938219f","parent":"1b31debe-d237-4f4c-a958-0fae6cc69a12","children":["6d6dda0f-4919-47f6-80b6-52b7edb94994"],"position":[4.13665,0.00000229995,0.0000268984],"rotation":[0,0,0],"scale":[1,1,1],"components":{}},"6d6dda0f-4919-47f6-80b6-52b7edb94994":{"name":"mixamorig:LeftHandPinky3","tags":[],"enabled":true,"resource_id":"6d6dda0f-4919-47f6-80b6-52b7edb94994","parent":"866bf402-a159-4189-91ba-0dbea938219f","children":["25034739-f72f-46bf-86cd-ead44ddfe640"],"position":[2.59484,5.93904e-8,-0.000036009],"rotation":[0,0,0],"scale":[1,1,1],"components":{}},"25034739-f72f-46bf-86cd-ead44ddfe640":{"name":"mixamorig:LeftHandPinky4","tags":[],"enabled":true,"resource_id":"25034739-f72f-46bf-86cd-ead44ddfe640","parent":"6d6dda0f-4919-47f6-80b6-52b7edb94994","children":[],"position":[2.92387,0.00000144074,0.0000187321],"rotation":[0,0,0],"scale":[1,1,1],"components":{}},"4146a392-712a-4075-adf1-ac563bd6a2d4":{"name":"mixamorig:RightShoulder","tags":[],"enabled":true,"resource_id":"4146a392-712a-4075-adf1-ac563bd6a2d4","parent":"8e8cfd3d-529c-4d8e-9644-794f3cb5df64","children":["c072894d-dc1e-4967-8910-1c68a881fdab"],"position":[-6.1057,9.11051,0.705563],"rotation":[0,0,0],"scale":[1,1,1],"components":{}},"c072894d-dc1e-4967-8910-1c68a881fdab":{"name":"mixamorig:RightArm","tags":[],"enabled":true,"resource_id":"c072894d-dc1e-4967-8910-1c68a881fdab","parent":"4146a392-712a-4075-adf1-ac563bd6a2d4","children":["7db009fc-6753-435e-ba77-2999609d6759"],"position":[-12.655,-0.266021,-2.6009],"rotation":[0,0,0],"scale":[1,1,1],"components":{}},"7db009fc-6753-435e-ba77-2999609d6759":{"name":"mixamorig:RightForeArm","tags":[],"enabled":true,"resource_id":"7db009fc-6753-435e-ba77-2999609d6759","parent":"c072894d-dc1e-4967-8910-1c68a881fdab","children":["1dc66e2b-e882-4b64-8f02-87f8a106b1b0"],"position":[-27.4047,0.0000328841,0.00000527564],"rotation":[0,0,0],"scale":[1,1,1],"components":{}},"1dc66e2b-e882-4b64-8f02-87f8a106b1b0":{"name":"mixamorig:RightHand","tags":[],"enabled":true,"resource_id":"1dc66e2b-e882-4b64-8f02-87f8a106b1b0","parent":"7db009fc-6753-435e-ba77-2999609d6759","children":["91a7b769-450d-485c-a60c-d01fac023849","3f86395f-95ff-4de9-b050-d698c254441a","a7995ffc-d43d-4e24-aa29-c5cbe28791e6","67defada-3c2f-43ad-b6e9-f72cc067041d","33657b05-b863-46a2-b69f-321753f9b4f3"],"position":[-27.6145,0.0000226615,0.0000183241],"rotation":[0,0,0],"scale":[1,1,1],"components":{}},"91a7b769-450d-485c-a60c-d01fac023849":{"name":"mixamorig:RightHandMiddle1","tags":[],"enabled":true,"resource_id":"91a7b769-450d-485c-a60c-d01fac023849","parent":"1dc66e2b-e882-4b64-8f02-87f8a106b1b0","children":["11bfb337-4c6a-4816-be17-da4c329d9583"],"position":[-12.7755,0.00000894577,0.0000180116],"rotation":[0,0,0],"scale":[1,1,1],"components":{}},"11bfb337-4c6a-4816-be17-da4c329d9583":{"name":"mixamorig:RightHandMiddle2","tags":[],"enabled":true,"resource_id":"11bfb337-4c6a-4816-be17-da4c329d9583","parent":"91a7b769-450d-485c-a60c-d01fac023849","children":["724c7a5d-0c69-4638-aa75-813fc401a5e5"],"position":[-3.61397,0.0000027565,0.00000308034],"rotation":[0,0,0],"scale":[1,1,1],"components":{}},"724c7a5d-0c69-4638-aa75-813fc401a5e5":{"name":"mixamorig:RightHandMiddle3","tags":[],"enabled":true,"resource_id":"724c7a5d-0c69-4638-aa75-813fc401a5e5","parent":"11bfb337-4c6a-4816-be17-da4c329d9583","children":["dbc7bba4-88de-46f4-bc02-0d3df4029045"],"position":[-3.45976,-1.97218e-7,-0.0000264579],"rotation":[0,0,0],"scale":[1,1,1],"components":{}},"dbc7bba4-88de-46f4-bc02-0d3df4029045":{"name":"mixamorig:RightHandMiddle4","tags":[],"enabled":true,"resource_id":"dbc7bba4-88de-46f4-bc02-0d3df4029045","parent":"724c7a5d-0c69-4638-aa75-813fc401a5e5","children":[],"position":[-3.68019,-6.57605e-7,0.0000325098],"rotation":[0,0,0],"scale":[1,1,1],"components":{}},"3f86395f-95ff-4de9-b050-d698c254441a":{"name":"mixamorig:RightHandThumb1","tags":[],"enabled":true,"resource_id":"3f86395f-95ff-4de9-b050-d698c254441a","parent":"1dc66e2b-e882-4b64-8f02-87f8a106b1b0","children":["0499a781-df37-4b81-a9e9-dab92c6ec416"],"position":[-3.78881,-2.167,3.00309],"rotation":[0,0,0],"scale":[1,1,1],"components":{}},"0499a781-df37-4b81-a9e9-dab92c6ec416":{"name":"mixamorig:RightHandThumb2","tags":[],"enabled":true,"resource_id":"0499a781-df37-4b81-a9e9-dab92c6ec416","parent":"3f86395f-95ff-4de9-b050-d698c254441a","children":["677a325f-9702-4a3e-ac54-69311a02adbe"],"position":[-3.67544,-2.12201,2.12201],"rotation":[0,0,0],"scale":[1,1,1],"components":{}},"677a325f-9702-4a3e-ac54-69311a02adbe":{"name":"mixamorig:RightHandThumb3","tags":[],"enabled":true,"resource_id":"677a325f-9702-4a3e-ac54-69311a02adbe","parent":"0499a781-df37-4b81-a9e9-dab92c6ec416","children":["fd26673a-722e-4909-8ceb-b7e087619e60"],"position":[-3.39436,-1.95975,1.95979],"rotation":[0,0,0],"scale":[1,1,1],"components":{}},"fd26673a-722e-4909-8ceb-b7e087619e60":{"name":"mixamorig:RightHandThumb4","tags":[],"enabled":true,"resource_id":"fd26673a-722e-4909-8ceb-b7e087619e60","parent":"677a325f-9702-4a3e-ac54-69311a02adbe","children":[],"position":[-2.6794,-1.54695,1.54692],"rotation":[0,0,0],"scale":[1,1,1],"components":{}},"a7995ffc-d43d-4e24-aa29-c5cbe28791e6":{"name":"mixamorig:RightHandIndex1","tags":[],"enabled":true,"resource_id":"a7995ffc-d43d-4e24-aa29-c5cbe28791e6","parent":"1dc66e2b-e882-4b64-8f02-87f8a106b1b0","children":["4f2b2130-580a-4638-aea3-080c75a541f8"],"position":[-12.2666,-0.231673,2.82206],"rotation":[0,0,0],"scale":[1,1,1],"components":{}},"4f2b2130-580a-4638-aea3-080c75a541f8":{"name":"mixamorig:RightHandIndex2","tags":[],"enabled":true,"resource_id":"4f2b2130-580a-4638-aea3-080c75a541f8","parent":"a7995ffc-d43d-4e24-aa29-c5cbe28791e6","children":["bf58c8a6-a462-429f-84f1-736237ca8d12"],"position":[-3.89197,-7.20555e-8,0.000037513],"rotation":[0,0,0],"scale":[1,1,1],"components":{}},"bf58c8a6-a462-429f-84f1-736237ca8d12":{"name":"mixamorig:RightHandIndex3","tags":[],"enabled":true,"resource_id":"bf58c8a6-a462-429f-84f1-736237ca8d12","parent":"4f2b2130-580a-4638-aea3-080c75a541f8","children":["30483df6-88c5-4dba-bc85-c429a4cc1285"],"position":[-3.41516,2.52991e-7,-0.00000860584],"rotation":[0,0,0],"scale":[1,1,1],"components":{}},"30483df6-88c5-4dba-bc85-c429a4cc1285":{"name":"mixamorig:RightHandIndex4","tags":[],"enabled":true,"resource_id":"30483df6-88c5-4dba-bc85-c429a4cc1285","parent":"bf58c8a6-a462-429f-84f1-736237ca8d12","children":[],"position":[-3.07799,-9.37284e-7,-0.00000878058],"rotation":[0,0,0],"scale":[1,1,1],"components":{}},"67defada-3c2f-43ad-b6e9-f72cc067041d":{"name":"mixamorig:RightHandRing1","tags":[],"enabled":true,"resource_id":"67defada-3c2f-43ad-b6e9-f72cc067041d","parent":"1dc66e2b-e882-4b64-8f02-87f8a106b1b0","children":["6c3f9412-428c-42e5-b6c4-30b0a7a9cccd"],"position":[-12.147,0.0098909,-2.21663],"rotation":[0,0,0],"scale":[1,1,1],"components":{}},"6c3f9412-428c-42e5-b6c4-30b0a7a9cccd":{"name":"mixamorig:RightHandRing2","tags":[],"enabled":true,"resource_id":"6c3f9412-428c-42e5-b6c4-30b0a7a9cccd","parent":"67defada-3c2f-43ad-b6e9-f72cc067041d","children":["792add13-3193-4ad0-9567-1c9dedde98b0"],"position":[-3.60119,2.38565e-7,0.000034867],"rotation":[0,0,0],"scale":[1,1,1],"components":{}},"792add13-3193-4ad0-9567-1c9dedde98b0":{"name":"mixamorig:RightHandRing3","tags":[],"enabled":true,"resource_id":"792add13-3193-4ad0-9567-1c9dedde98b0","parent":"6c3f9412-428c-42e5-b6c4-30b0a7a9cccd","children":["d07b0b00-8c00-467d-a205-aef979fdd745"],"position":[-3.30732,0.00000376018,-0.0000211146],"rotation":[0,0,0],"scale":[1,1,1],"components":{}},"d07b0b00-8c00-467d-a205-aef979fdd745":{"name":"mixamorig:RightHandRing4","tags":[],"enabled":true,"resource_id":"d07b0b00-8c00-467d-a205-aef979fdd745","parent":"792add13-3193-4ad0-9567-1c9dedde98b0","children":[],"position":[-3.66012,0.00000204685,6.71801e-7],"rotation":[0,0,0],"scale":[1,1,1],"components":{}},"33657b05-b863-46a2-b69f-321753f9b4f3":{"name":"mixamorig:RightHandPinky1","tags":[],"enabled":true,"resource_id":"33657b05-b863-46a2-b69f-321753f9b4f3","parent":"1dc66e2b-e882-4b64-8f02-87f8a106b1b0","children":["2517eec0-aa48-4401-b060-38b34dba8f26"],"position":[-10.9082,-0.226369,-4.72582],"rotation":[0,0,0],"scale":[1,1,1],"components":{}},"2517eec0-aa48-4401-b060-38b34dba8f26":{"name":"mixamorig:RightHandPinky2","tags":[],"enabled":true,"resource_id":"2517eec0-aa48-4401-b060-38b34dba8f26","parent":"33657b05-b863-46a2-b69f-321753f9b4f3","children":["fa926e3c-8b9d-463e-a528-bd2b6f542113"],"position":[-4.13665,4.31063e-7,0.0000256096],"rotation":[0,0,0],"scale":[1,1,1],"components":{}},"fa926e3c-8b9d-463e-a528-bd2b6f542113":{"name":"mixamorig:RightHandPinky3","tags":[],"enabled":true,"resource_id":"fa926e3c-8b9d-463e-a528-bd2b6f542113","parent":"2517eec0-aa48-4401-b060-38b34dba8f26","children":["dd1f4962-832f-4f63-9bfd-cee14a5bc226"],"position":[-2.59484,-9.57149e-7,-0.0000366612],"rotation":[0,0,0],"scale":[1,1,1],"components":{}},"dd1f4962-832f-4f63-9bfd-cee14a5bc226":{"name":"mixamorig:RightHandPinky4","tags":[],"enabled":true,"resource_id":"dd1f4962-832f-4f63-9bfd-cee14a5bc226","parent":"fa926e3c-8b9d-463e-a528-bd2b6f542113","children":[],"position":[-2.92387,6.41227e-7,0.0000186957],"rotation":[0,0,0],"scale":[1,1,1],"components":{}},"184eaec3-2b6a-440a-83fb-54b7fb7d61b8":{"name":"mixamorig:RightUpLeg","tags":[],"enabled":true,"resource_id":"184eaec3-2b6a-440a-83fb-54b7fb7d61b8","parent":"3c83fe3b-c90b-49dd-8d26-f29a23bad7d8","children":["a86e6e4c-f7ce-4c24-92b1-5364b9c54548"],"position":[-9.12445,-6.6564,-0.0553779],"rotation":[0,0,0],"scale":[1,1,1],"components":{}},"a86e6e4c-f7ce-4c24-92b1-5364b9c54548":{"name":"mixamorig:RightLeg","tags":[],"enabled":true,"resource_id":"a86e6e4c-f7ce-4c24-92b1-5364b9c54548","parent":"184eaec3-2b6a-440a-83fb-54b7fb7d61b8","children":["ecb60058-8179-4a03-a936-5d09af958cda"],"position":[-0.24468,-40.5954,-0.514528],"rotation":[0,0,0],"scale":[1,1,1],"components":{}},"ecb60058-8179-4a03-a936-5d09af958cda":{"name":"mixamorig:RightFoot","tags":[],"enabled":true,"resource_id":"ecb60058-8179-4a03-a936-5d09af958cda","parent":"a86e6e4c-f7ce-4c24-92b1-5364b9c54548","children":["b23f03e0-f5d4-4feb-b2a9-7353ff5f572d"],"position":[0.244669,-42.0479,-2.06023],"rotation":[0,0,0],"scale":[1,1,1],"components":{}},"b23f03e0-f5d4-4feb-b2a9-7353ff5f572d":{"name":"mixamorig:RightToeBase","tags":[],"enabled":true,"resource_id":"b23f03e0-f5d4-4feb-b2a9-7353ff5f572d","parent":"ecb60058-8179-4a03-a936-5d09af958cda","children":["4292a964-d6a9-4751-b893-6b51eca74924"],"position":[-0.37336,-10.4922,12.6407],"rotation":[0,0,0],"scale":[1,1,1],"components":{}},"4292a964-d6a9-4751-b893-6b51eca74924":{"name":"mixamorig:RightToe_End","tags":[],"enabled":true,"resource_id":"4292a964-d6a9-4751-b893-6b51eca74924","parent":"b23f03e0-f5d4-4feb-b2a9-7353ff5f572d","children":[],"position":[1.13474e-7,4.58774e-7,9.99252],"rotation":[0,0,0],"scale":[1,1,1],"components":{}},"39e44ea4-d6f1-47d6-94d9-c92de6b0a6da":{"name":"mixamorig:LeftUpLeg","tags":[],"enabled":true,"resource_id":"39e44ea4-d6f1-47d6-94d9-c92de6b0a6da","parent":"3c83fe3b-c90b-49dd-8d26-f29a23bad7d8","children":["58dd3df2-2c0d-4bf4-9b55-2159329e474d"],"position":[9.12445,-6.6564,-0.0553779],"rotation":[0,0,0],"scale":[1,1,1],"components":{}},"58dd3df2-2c0d-4bf4-9b55-2159329e474d":{"name":"mixamorig:LeftLeg","tags":[],"enabled":true,"resource_id":"58dd3df2-2c0d-4bf4-9b55-2159329e474d","parent":"39e44ea4-d6f1-47d6-94d9-c92de6b0a6da","children":["3daca981-076b-4095-b961-69113db56af8"],"position":[0.24468,-40.5954,-0.517041],"rotation":[0,0,0],"scale":[1,1,1],"components":{}},"3daca981-076b-4095-b961-69113db56af8":{"name":"mixamorig:LeftFoot","tags":[],"enabled":true,"resource_id":"3daca981-076b-4095-b961-69113db56af8","parent":"58dd3df2-2c0d-4bf4-9b55-2159329e474d","children":["1be6ed24-cd1f-4d09-8aa7-af7fd8916303"],"position":[-0.24467,-42.048,-2.05764],"rotation":[0,0,0],"scale":[1,1,1],"components":{}},"1be6ed24-cd1f-4d09-8aa7-af7fd8916303":{"name":"mixamorig:LeftToeBase","tags":[],"enabled":true,"resource_id":"1be6ed24-cd1f-4d09-8aa7-af7fd8916303","parent":"3daca981-076b-4095-b961-69113db56af8","children":["fd131648-da3b-44fa-b32e-0f89892cba3f"],"position":[0.37336,-10.4922,12.6407],"rotation":[0,0,0],"scale":[1,1,1],"components":{}},"fd131648-da3b-44fa-b32e-0f89892cba3f":{"name":"mixamorig:LeftToe_End","tags":[],"enabled":true,"resource_id":"fd131648-da3b-44fa-b32e-0f89892cba3f","parent":"1be6ed24-cd1f-4d09-8aa7-af7fd8916303","children":[],"position":[-2.05366e-7,9.6341e-7,9.99252],"rotation":[0,0,0],"scale":[1,1,1],"components":{}},"ab605c9f-6288-46e0-8fa8-8d8fabea7f2b":{"name":"Alpha_Surface","tags":[],"enabled":true,"resource_id":"ab605c9f-6288-46e0-8fa8-8d8fabea7f2b","parent":"4d3b9b3d-970d-4916-b000-e59931499880","children":[],"position":[0,0,0],"rotation":[0,0,0],"scale":[1,1,1],"components":{"render":{"enabled":true,"type":"asset","asset":94937700,"materialAssets":[94937697],"layers":[0],"batchGroupId":null,"castShadows":true,"castShadowsLightmap":true,"receiveShadows":true,"lightmapped":false,"lightmapSizeMultiplier":1,"castShadowsLightMap":true,"lightMapped":false,"lightMapSizeMultiplier":1,"isStatic":false,"rootBone":"3c83fe3b-c90b-49dd-8d26-f29a23bad7d8"}}},"0e26ae50-e338-4af3-8cf4-469c8045aefa":{"name":"Alpha_Joints","tags":[],"enabled":true,"resource_id":"0e26ae50-e338-4af3-8cf4-469c8045aefa","parent":"4d3b9b3d-970d-4916-b000-e59931499880","children":[],"position":[0,0,0],"rotation":[0,0,0],"scale":[1,1,1],"components":{"render":{"enabled":true,"type":"asset","asset":94937682,"materialAssets":[94937693],"layers":[0],"batchGroupId":null,"castShadows":true,"castShadowsLightmap":true,"receiveShadows":true,"lightmapped":false,"lightmapSizeMultiplier":1,"castShadowsLightMap":true,"lightMapped":false,"lightMapSizeMultiplier":1,"isStatic":false,"rootBone":"3c83fe3b-c90b-49dd-8d26-f29a23bad7d8"}}},"e1f93209-1c07-4c41-9412-b7818111efbe":{"name":"Camera Axis","tags":[],"enabled":true,"resource_id":"e1f93209-1c07-4c41-9412-b7818111efbe","parent":"b17adb8b-6dfd-4fbc-95f6-62aebe5dda5e","children":["5853b4d0-3176-457e-b480-30f4f73ac901","7edd0fe7-3441-44a8-8b85-fa47e4603f9f"],"position":[0,0.5223044157028198,0],"rotation":[0,0,0],"scale":[1,1,1],"components":{}},"5853b4d0-3176-457e-b480-30f4f73ac901":{"name":"Camera","tags":[],"enabled":true,"resource_id":"5853b4d0-3176-457e-b480-30f4f73ac901","parent":"e1f93209-1c07-4c41-9412-b7818111efbe","children":[],"position":[0,0,4.059459076816258],"rotation":[0,0,-2.670532062154507e-8],"scale":[1,1,1],"components":{"camera":{"enabled":true,"clearColorBuffer":true,"clearColor":[0,0,0,0],"clearDepthBuffer":true,"projection":0,"fov":45,"frustumCulling":true,"orthoHeight":100,"nearClip":0.3,"farClip":1000,"priority":0,"rect":[0,0,1,1],"layers":[0,1,2,3,4]},"script":{"enabled":true,"order":["cameraMovement"],"scripts":{"cameraMovement":{"enabled":true,"attributes":{"mouseSpeed":4}}}},"audiolistener":{"enabled":true}}},"7edd0fe7-3441-44a8-8b85-fa47e4603f9f":{"name":"RaycastEndPoint","tags":[],"enabled":true,"resource_id":"7edd0fe7-3441-44a8-8b85-fa47e4603f9f","parent":"e1f93209-1c07-4c41-9412-b7818111efbe","children":[],"position":[0,0,4.059728966647801],"rotation":[0,0,0],"scale":[1,1,1],"components":{}},"5882a3f9-95f3-48c9-aac5-94ed21dee3a2":{"name":"Augment Platform Prefab","tags":[],"enabled":false,"resource_id":"5882a3f9-95f3-48c9-aac5-94ed21dee3a2","parent":"b1735e9c-7b55-4258-8f33-d1f2459528a2","children":["b6ddd714-8513-444b-8032-ace44771d9ad","d4996847-9121-4c78-bb14-31e9e1a5cf01","d40d298a-03d4-4008-9293-387772498495","c31485d6-1032-4040-8b32-5cbc5fd0542d","23c0c256-8615-4a2c-ab6b-45e805af6d63"],"position":[0,0,0],"rotation":[0,0,0],"scale":[1,1,1],"components":{}},"b6ddd714-8513-444b-8032-ace44771d9ad":{"name":"SunLight","tags":[],"enabled":true,"resource_id":"b6ddd714-8513-444b-8032-ace44771d9ad","parent":"5882a3f9-95f3-48c9-aac5-94ed21dee3a2","children":[],"position":[1.0134830474853516,0,-11.141457557678223],"rotation":[25.7861891096243,-45.99017411180466,-33.89041213316783],"scale":[1,1,1],"components":{"light":{"enabled":true,"type":"directional","bake":false,"bakeArea":0,"bakeNumSamples":1,"bakeDir":true,"affectDynamic":true,"affectLightmapped":false,"color":[0.5215686274509804,0.8196078431372549,1],"intensity":1,"castShadows":true,"shadowUpdateMode":2,"shadowType":0,"vsmBlurMode":1,"vsmBlurSize":11,"vsmBias":0.01,"shadowDistance":60,"shadowResolution":2048,"numCascades":1,"cascadeDistribution":0.5,"shadowBias":0.2,"normalOffsetBias":0.1,"range":8,"falloffMode":0,"innerConeAngle":40,"outerConeAngle":45,"shape":0,"cookieAsset":null,"cookieIntensity":1,"cookieFalloff":true,"cookieChannel":"rgb","cookieAngle":0,"cookieScale":[1,1],"cookieOffset":[0,0],"isStatic":false,"layers":[0]}}},"d4996847-9121-4c78-bb14-31e9e1a5cf01":{"name":"Grass","tags":[],"enabled":true,"resource_id":"d4996847-9121-4c78-bb14-31e9e1a5cf01","parent":"5882a3f9-95f3-48c9-aac5-94ed21dee3a2","children":[],"position":[0,-0.03308795109588081,0],"rotation":[0,0,0],"scale":[46.9,1,46.9],"components":{"render":{"enabled":true,"type":"plane","asset":null,"materialAssets":[94937696],"layers":[0],"batchGroupId":null,"castShadows":true,"castShadowsLightmap":true,"receiveShadows":true,"lightmapped":false,"lightmapSizeMultiplier":1,"castShadowsLightMap":true,"lightMapped":false,"lightMapSizeMultiplier":1,"isStatic":false,"rootBone":null}}},"d40d298a-03d4-4008-9293-387772498495":{"name":"Metal","tags":[],"enabled":true,"resource_id":"d40d298a-03d4-4008-9293-387772498495","parent":"5882a3f9-95f3-48c9-aac5-94ed21dee3a2","children":[],"position":[0,-0.5764901423473971,0],"rotation":[0,0,0],"scale":[60.97,1,60.97],"components":{"render":{"enabled":true,"type":"box","asset":null,"materialAssets":[94937685],"layers":[0],"batchGroupId":null,"castShadows":true,"castShadowsLightmap":true,"receiveShadows":true,"lightmapped":false,"lightmapSizeMultiplier":1,"castShadowsLightMap":true,"lightMapped":false,"lightMapSizeMultiplier":1,"isStatic":false,"rootBone":null}}},"c31485d6-1032-4040-8b32-5cbc5fd0542d":{"name":"Floor Collisions","tags":[],"enabled":true,"resource_id":"c31485d6-1032-4040-8b32-5cbc5fd0542d","parent":"5882a3f9-95f3-48c9-aac5-94ed21dee3a2","children":[],"position":[0,-0.5,0],"rotation":[0,0,0],"scale":[1,1,1],"components":{"collision":{"enabled":true,"type":"box","halfExtents":[30.485,0.5,30.485],"radius":0.5,"axis":1,"height":2,"asset":null,"renderAsset":null},"rigidbody":{"enabled":true,"type":"static","mass":1,"linearDamping":0,"angularDamping":0,"linearFactor":[1,1,1],"angularFactor":[1,1,1],"friction":0.5,"restitution":0.5}}},"23c0c256-8615-4a2c-ab6b-45e805af6d63":{"name":"Bounds","tags":[],"enabled":false,"resource_id":"23c0c256-8615-4a2c-ab6b-45e805af6d63","parent":"5882a3f9-95f3-48c9-aac5-94ed21dee3a2","children":["07813c42-47fe-4388-8e39-e944b9089452","9eba73b1-9ccd-44fd-a8bb-49ba49676366","41c52c1e-16ab-4170-90b1-fdd7eae2c6ee","b83bddd2-64cf-4aee-9a8e-43ece2912139"],"position":[0,0,0],"rotation":[0,0,0],"scale":[1,1,1],"components":{}},"07813c42-47fe-4388-8e39-e944b9089452":{"name":"Wall Collisions","tags":["edge_bounds","nonraycast"],"enabled":true,"resource_id":"07813c42-47fe-4388-8e39-e944b9089452","parent":"23c0c256-8615-4a2c-ab6b-45e805af6d63","children":[],"position":[0,27.052335739135742,-31.21958158645085],"rotation":[-89.99999999999999,0,0],"scale":[60.97,1,60.97],"components":{"collision":{"enabled":true,"type":"box","halfExtents":[30.485,1,30.485],"radius":0.5,"axis":1,"height":2,"asset":null,"renderAsset":null},"rigidbody":{"enabled":true,"type":"static","mass":1,"linearDamping":0,"angularDamping":0,"linearFactor":[1,1,1],"angularFactor":[1,1,1],"friction":0.5,"restitution":0.5}}},"9eba73b1-9ccd-44fd-a8bb-49ba49676366":{"name":"Wall Collisions","tags":["edge_bounds","nonraycast"],"enabled":true,"resource_id":"9eba73b1-9ccd-44fd-a8bb-49ba49676366","parent":"23c0c256-8615-4a2c-ab6b-45e805af6d63","children":[],"position":[-31.38442214676847,27.052335739135742,0.1885967254638672],"rotation":[-89.99999999999999,90,0],"scale":[60.97,1,60.97],"components":{"collision":{"enabled":true,"type":"box","halfExtents":[30.485,1,30.485],"radius":0.5,"axis":1,"height":2,"asset":null,"renderAsset":null},"rigidbody":{"enabled":true,"type":"static","mass":1,"linearDamping":0,"angularDamping":0,"linearFactor":[1,1,1],"angularFactor":[1,1,1],"friction":0.5,"restitution":0.5}}},"41c52c1e-16ab-4170-90b1-fdd7eae2c6ee":{"name":"Wall Collisions","tags":["edge_bounds","nonraycast"],"enabled":true,"resource_id":"41c52c1e-16ab-4170-90b1-fdd7eae2c6ee","parent":"23c0c256-8615-4a2c-ab6b-45e805af6d63","children":[],"position":[0,27.052335739135742,31.017193261740083],"rotation":[-89.99999999999999,0,0],"scale":[60.97,1,60.97],"components":{"collision":{"enabled":true,"type":"box","halfExtents":[30.485,1,30.485],"radius":0.5,"axis":1,"height":2,"asset":null,"renderAsset":null},"rigidbody":{"enabled":true,"type":"static","mass":1,"linearDamping":0,"angularDamping":0,"linearFactor":[1,1,1],"angularFactor":[1,1,1],"friction":0.5,"restitution":0.5}}},"b83bddd2-64cf-4aee-9a8e-43ece2912139":{"name":"Wall Collisions","tags":["edge_bounds","nonraycast"],"enabled":true,"resource_id":"b83bddd2-64cf-4aee-9a8e-43ece2912139","parent":"23c0c256-8615-4a2c-ab6b-45e805af6d63","children":[],"position":[31.01137137029145,27.052335739135742,0.1885967254638672],"rotation":[-89.99999999999999,90,0],"scale":[60.97,1,60.97],"components":{"collision":{"enabled":true,"type":"box","halfExtents":[30.485,1,30.485],"radius":0.5,"axis":1,"height":2,"asset":null,"renderAsset":null},"rigidbody":{"enabled":true,"type":"static","mass":1,"linearDamping":0,"angularDamping":0,"linearFactor":[1,1,1],"angularFactor":[1,1,1],"friction":0.5,"restitution":0.5}}},"15f1cd97-4545-4895-adf8-9b6b3adf6cc8":{"name":"Web Browser Object","tags":[],"enabled":true,"resource_id":"15f1cd97-4545-4895-adf8-9b6b3adf6cc8","parent":"203e65d0-c8b9-11ec-8d9b-5a6d199352fc","children":[],"position":[0,1.7352895576851863,3.773522138595581],"rotation":[-90.00000000000003,-7.062250076880254e-31,180],"scale":[3.7597973895618217,1,2.1146217039155353],"components":{"script":{"enabled":true,"order":["_som_webBrowser"],"scripts":{"_som_webBrowser":{"enabled":true,"attributes":{"url":""}}}},"model":{"enabled":true,"type":"plane","asset":null,"materialAsset":96007636,"castShadows":true,"castShadowsLightmap":true,"receiveShadows":true,"lightmapped":false,"lightmapSizeMultiplier":1,"castShadowsLightMap":true,"lightMapped":false,"lightMapSizeMultiplier":1,"isStatic":false,"layers":[0],"batchGroupId":null}},"template_id":96009074,"template_ent_ids":{"15f1cd97-4545-4895-adf8-9b6b3adf6cc8":"f23dd2e0-e4ed-46fc-9bb5-a401284e2757"}},"87a49437-8a7e-4506-98ed-0c6196e14d5c":{"name":"VERSION: ALPHA 1.0.0","tags":[],"enabled":false,"resource_id":"87a49437-8a7e-4506-98ed-0c6196e14d5c","parent":"b1735e9c-7b55-4258-8f33-d1f2459528a2","children":[],"position":[0,0,0],"rotation":[0,0,0],"scale":[1,1,1],"components":{}}},"checkpoint_id":"c0a9dc7d-e8eb-4b5a-8c43-f995d249de3e","_type":"http://sharejs.org/types/JSONv0","_v":1,"_m":{"ctime":1651345797707.896,"mtime":1659444357978},"_o":"62e91c85c42317c515d38a3e","id":"1405070"}}